Ticker,Name,Sector,AssetClass,Market Value,Weight,Notional Value,Shares
AAPL,APPLE INC,Information Technology,Equity,"$1,556,006,269.32 ",6.01,"1,556,006,269.32","11,726,628.00"
MSFT,MICROSOFT CORP,Information Technology,Equity,"$1,210,266,623.94 ",4.68,"1,210,266,623.94","5,441,357.00"
AMZN,AMAZON COM INC,Consumer Discretionary,Equity,"$1,003,499,216.16 ",3.88,"1,003,499,216.16","308,112.00"
FB,FACEBOOK CLASS A INC,Communication,Equity,"$476,702,715.56 ",1.84,"476,702,715.56","1,745,141.00"
TSLA,TESLA INC,Consumer Discretionary,Equity,"$387,829,880.97 ",1.5,"387,829,880.97","549,591.00"
GOOGL,ALPHABET INC CLASS A,Communication,Equity,"$382,301,610.56 ",1.48,"382,301,610.56","218,129.00"
GOOG,ALPHABET INC CLASS C,Communication,Equity,"$370,209,033.48 ",1.43,"370,209,033.48","211,321.00"
BRKB,BERKSHIRE HATHAWAY INC CLASS B,Financials,Equity,"$316,946,812.92 ",1.23,"316,946,812.92","1,366,916.00"
JNJ,JOHNSON & JOHNSON,Health Care,Equity,"$301,504,826.88 ",1.17,"301,504,826.88","1,915,776.00"
JPM,JPMORGAN CHASE & CO,Financials,Equity,"$279,611,308.57 ",1.08,"279,611,308.57","2,200,451.00"
V,VISA INC CLASS A,Information Technology,Equity,"$268,281,312.93 ",1.04,"268,281,312.93","1,226,541.00"
PG,PROCTER & GAMBLE,Consumer Staples,Equity,"$246,305,628.00 ",0.95,"246,305,628.00","1,770,200.00"
UNH,UNITEDHEALTH GROUP INC,Health Care,Equity,"$240,459,873.28 ",0.93,"240,459,873.28","685,696.00"
DIS,WALT DISNEY,Communication,Equity,"$237,837,703.70 ",0.92,"237,837,703.70","1,312,715.00"
MA,MASTERCARD INC CLASS A,Information Technology,Equity,"$228,708,591.12 ",0.88,"228,708,591.12","640,748.00"
NVDA,NVIDIA CORP,Information Technology,Equity,"$223,909,960.40 ",0.87,"223,909,960.40","428,782.00"
HD,HOME DEPOT INC,Consumer Discretionary,Equity,"$207,230,880.36 ",0.8,"207,230,880.36","780,178.00"
PYPL,PAYPAL HOLDINGS INC,Information Technology,Equity,"$199,739,812.00 ",0.77,"199,739,812.00","852,860.00"
VZ,VERIZON COMMUNICATIONS INC,Communication,Equity,"$176,765,061.25 ",0.68,"176,765,061.25","3,008,767.00"
ADBE,ADOBE INC,Information Technology,Equity,"$174,679,413.00 ",0.68,"174,679,413.00","349,275.00"
CMCSA,COMCAST CORP CLASS A,Communication,Equity,"$172,401,868.80 ",0.67,"172,401,868.80","3,290,112.00"
BAC,BANK OF AMERICA CORP,Financials,Equity,"$170,208,381.35 ",0.66,"170,208,381.35","5,615,585.00"
NFLX,NETFLIX INC,Communication,Equity,"$166,955,254.07 ",0.65,"166,955,254.07","308,759.00"
KO,COCA-COLA,Consumer Staples,Equity,"$153,893,214.48 ",0.59,"153,893,214.48","2,806,222.00"
MRK,MERCK & CO INC,Health Care,Equity,"$150,007,621.20 ",0.58,"150,007,621.20","1,833,834.00"
PEP,PEPSICO INC,Consumer Staples,Equity,"$149,413,881.30 ",0.58,"149,413,881.30","1,007,511.00"
T,AT&T INC,Communication,Equity,"$148,887,097.56 ",0.58,"148,887,097.56","5,176,881.00"
PFE,PFIZER INC,Health Care,Equity,"$148,600,755.27 ",0.57,"148,600,755.27","4,036,967.00"
INTC,INTEL CORPORATION CORP,Information Technology,Equity,"$148,516,757.94 ",0.57,"148,516,757.94","2,981,067.00"
WMT,WALMART INC,Consumer Staples,Equity,"$145,814,355.90 ",0.56,"145,814,355.90","1,011,546.00"
CRM,SALESFORCE.COM INC,Information Technology,Equity,"$141,769,189.87 ",0.55,"141,769,189.87","637,079.00"
CSCO,CISCO SYSTEMS INC,Information Technology,Equity,"$137,923,661.75 ",0.53,"137,923,661.75","3,082,093.00"
ABT,ABBOTT LABORATORIES,Health Care,Equity,"$137,356,190.41 ",0.53,"137,356,190.41","1,254,509.00"
ABBV,ABBVIE INC,Health Care,Equity,"$136,998,561.20 ",0.53,"136,998,561.20","1,278,568.00"
TMO,THERMO FISHER SCIENTIFIC INC,Health Care,Equity,"$133,506,987.18 ",0.52,"133,506,987.18","286,631.00"
XOM,EXXON MOBIL CORP,Energy,Equity,"$126,616,051.08 ",0.49,"126,616,051.08","3,071,714.00"
NKE,NIKE INC CLASS B,Consumer Discretionary,Equity,"$125,998,699.33 ",0.49,"125,998,699.33","890,639.00"
AVGO,BROADCOM INC,Information Technology,Equity,"$125,650,252.35 ",0.49,"125,650,252.35","286,971.00"
QCOM,QUALCOMM INC,Information Technology,Equity,"$124,409,222.70 ",0.48,"124,409,222.70","816,655.00"
ACN,ACCENTURE PLC CLASS A,Information Technology,Equity,"$120,799,176.60 ",0.47,"120,799,176.60","462,460.00"
COST,COSTCO WHOLESALE CORP,Consumer Staples,Equity,"$120,635,536.50 ",0.47,"120,635,536.50","320,175.00"
CVX,CHEVRON CORP,Energy,Equity,"$118,158,555.30 ",0.46,"118,158,555.30","1,399,154.00"
MCD,MCDONALDS CORP,Consumer Discretionary,Equity,"$115,902,812.04 ",0.45,"115,902,812.04","540,138.00"
MDT,MEDTRONIC PLC,Health Care,Equity,"$113,995,728.12 ",0.44,"113,995,728.12","973,158.00"
NEE,NEXTERA ENERGY INC,Utilities,Equity,"$109,550,685.50 ",0.42,"109,550,685.50","1,419,970.00"
TXN,TEXAS INSTRUMENT INC,Information Technology,Equity,"$109,292,689.83 ",0.42,"109,292,689.83","665,891.00"
HON,HONEYWELL INTERNATIONAL INC,Industrials,Equity,"$108,335,554.50 ",0.42,"108,335,554.50","509,335.00"
LLY,ELI LILLY,Health Care,Equity,"$103,164,110.28 ",0.4,"103,164,110.28","611,017.00"
UNP,UNION PACIFIC CORP,Industrials,Equity,"$102,518,158.10 ",0.4,"102,518,158.10","492,355.00"
BMY,BRISTOL MYERS SQUIBB,Health Care,Equity,"$101,863,867.13 ",0.39,"101,863,867.13","1,642,171.00"
DHR,DANAHER CORP,Health Care,Equity,"$100,856,224.94 ",0.39,"100,856,224.94","454,021.00"
LIN,LINDE PLC,Materials,Equity,"$100,371,222.51 ",0.39,"100,371,222.51","380,901.00"
AMGN,AMGEN INC,Health Care,Equity,"$97,323,066.72 ",0.38,"97,323,066.72","423,291.00"
PM,PHILIP MORRIS INTERNATIONAL INC,Consumer Staples,Equity,"$93,427,024.78 ",0.36,"93,427,024.78","1,128,482.00"
C,CITIGROUP INC,Financials,Equity,"$93,091,678.28 ",0.36,"93,091,678.28","1,509,758.00"
SBUX,STARBUCKS CORP,Consumer Discretionary,Equity,"$90,653,247.30 ",0.35,"90,653,247.30","847,385.00"
ORCL,ORACLE CORP,Information Technology,Equity,"$88,574,388.97 ",0.34,"88,574,388.97","1,369,213.00"
LOW,LOWES COMPANIES INC,Consumer Discretionary,Equity,"$87,960,924.59 ",0.34,"87,960,924.59","548,009.00"
UPS,UNITED PARCEL SERVICE INC CLASS B,Industrials,Equity,"$87,643,274.80 ",0.34,"87,643,274.80","520,447.00"
BA,BOEING,Industrials,Equity,"$82,901,370.86 ",0.32,"82,901,370.86","387,281.00"
WFC,WELLS FARGO,Financials,Equity,"$82,168,128.36 ",0.32,"82,168,128.36","2,722,602.00"
IBM,INTERNATIONAL BUSINESS MACHINES CO,Information Technology,Equity,"$81,063,573.00 ",0.31,"81,063,573.00","643,975.00"
AMD,ADVANCED MICRO DEVICES INC,Information Technology,Equity,"$79,784,856.99 ",0.31,"79,784,856.99","869,969.00"
NOW,SERVICENOW INC,Information Technology,Equity,"$77,746,035.78 ",0.3,"77,746,035.78","141,246.00"
BLK,BLACKROCK INC,Financials,Equity,"$77,119,638.28 ",0.3,"77,119,638.28","106,882.00"
RTX,RAYTHEON TECHNOLOGIES CORP,Industrials,Equity,"$73,885,776.73 ",0.29,"73,885,776.73","1,033,223.00"
AMT,AMERICAN TOWER REIT CORP,Real Estate,Equity,"$71,719,010.28 ",0.28,"71,719,010.28","319,518.00"
CAT,CATERPILLAR INC,Industrials,Equity,"$71,423,737.90 ",0.28,"71,423,737.90","392,395.00"
MMM,3M,Industrials,Equity,"$71,164,000.60 ",0.28,"71,164,000.60","407,140.00"
INTU,INTUIT INC,Information Technology,Equity,"$69,786,042.00 ",0.27,"69,786,042.00","183,720.00"
CHTR,CHARTER COMMUNICATIONS INC CLASS A,Communication,Equity,"$69,683,707.70 ",0.27,"69,683,707.70","105,334.00"
ISRG,INTUITIVE SURGICAL INC,Health Care,Equity,"$68,558,416.20 ",0.27,"68,558,416.20","83,802.00"
GE,GENERAL ELECTRIC,Industrials,Equity,"$68,381,409.60 ",0.26,"68,381,409.60","6,331,612.00"
MS,MORGAN STANLEY,Financials,Equity,"$66,268,852.65 ",0.26,"66,268,852.65","967,005.00"
BKNG,BOOKING HOLDINGS INC,Consumer Discretionary,Equity,"$65,893,782.95 ",0.25,"65,893,782.95","29,585.00"
CVS,CVS HEALTH CORP,Health Care,Equity,"$64,688,569.20 ",0.25,"64,688,569.20","947,124.00"
TGT,TARGET CORP,Consumer Discretionary,Equity,"$64,005,188.22 ",0.25,"64,005,188.22","362,574.00"
LMT,LOCKHEED MARTIN CORP,Industrials,Equity,"$63,607,091.30 ",0.25,"63,607,091.30","179,185.00"
FIS,FIDELITY NATIONAL INFORMATION SERV,Information Technology,Equity,"$63,274,067.78 ",0.24,"63,274,067.78","447,293.00"
GS,GOLDMAN SACHS GROUP INC,Financials,Equity,"$63,214,187.81 ",0.24,"63,214,187.81","239,711.00"
SYK,STRYKER CORP,Health Care,Equity,"$61,467,058.80 ",0.24,"61,467,058.80","250,845.00"
MU,MICRON TECHNOLOGY INC,Information Technology,Equity,"$60,538,995.72 ",0.23,"60,538,995.72","805,254.00"
MDLZ,MONDELEZ INTERNATIONAL INC CLASS A,Consumer Staples,Equity,"$59,759,321.97 ",0.23,"59,759,321.97","1,022,051.00"
TJX,TJX INC,Consumer Discretionary,Equity,"$59,220,336.81 ",0.23,"59,220,336.81","867,189.00"
SQ,SQUARE INC CLASS A,Information Technology,Equity,"$58,420,017.00 ",0.23,"58,420,017.00","268,425.00"
ANTM,ANTHEM INC,Health Care,Equity,"$58,072,337.40 ",0.22,"58,072,337.40","180,860.00"
AMAT,APPLIED MATERIAL INC,Information Technology,Equity,"$57,465,530.30 ",0.22,"57,465,530.30","665,881.00"
AXP,AMERICAN EXPRESS,Financials,Equity,"$57,337,093.83 ",0.22,"57,337,093.83","474,213.00"
SPGI,S&P GLOBAL INC,Financials,Equity,"$57,306,185.98 ",0.22,"57,306,185.98","174,326.00"
ZTS,ZOETIS INC CLASS A,Health Care,Equity,"$56,947,060.50 ",0.22,"56,947,060.50","344,091.00"
ADP,AUTOMATIC DATA PROCESSING INC,Information Technology,Equity,"$55,218,965.60 ",0.21,"55,218,965.60","313,388.00"
MO,ALTRIA GROUP INC,Consumer Staples,Equity,"$55,215,807.00 ",0.21,"55,215,807.00","1,346,727.00"
DE,DEERE,Industrials,Equity,"$54,994,627.15 ",0.21,"54,994,627.15","204,403.00"
CI,CIGNA CORP,Health Care,Equity,"$53,680,878.44 ",0.21,"53,680,878.44","257,858.00"
TMUS,T MOBILE US INC,Communication,Equity,"$53,664,366.60 ",0.21,"53,664,366.60","397,956.00"
PLD,PROLOGIS REIT INC,Real Estate,Equity,"$53,533,963.56 ",0.21,"53,533,963.56","537,166.00"
SCHW,CHARLES SCHWAB CORP,Financials,Equity,"$53,155,202.88 ",0.21,"53,155,202.88","1,002,172.00"
GILD,GILEAD SCIENCES INC,Health Care,Equity,"$52,948,377.54 ",0.2,"52,948,377.54","908,829.00"
CL,COLGATE-PALMOLIVE,Consumer Staples,Equity,"$52,586,597.76 ",0.2,"52,586,597.76","614,976.00"
ATVI,ACTIVISION BLIZZARD INC,Communication,Equity,"$51,355,056.45 ",0.2,"51,355,056.45","553,097.00"
UBER,UBER TECHNOLOGIES INC,Industrials,Equity,"$50,843,685.00 ",0.2,"50,843,685.00","996,935.00"
CB,CHUBB LTD,Financials,Equity,"$50,467,597.44 ",0.2,"50,467,597.44","327,882.00"
BDX,BECTON DICKINSON,Health Care,Equity,"$50,408,070.10 ",0.19,"50,408,070.10","201,455.00"
CSX,CSX CORP,Industrials,Equity,"$50,146,816.50 ",0.19,"50,146,816.50","552,582.00"
LRCX,LAM RESEARCH CORP,Information Technology,Equity,"$49,953,414.71 ",0.19,"49,953,414.71","105,773.00"
DUK,DUKE ENERGY CORP,Utilities,Equity,"$49,066,179.96 ",0.19,"49,066,179.96","535,891.00"
ADSK,AUTODESK INC,Information Technology,Equity,"$48,834,552.90 ",0.19,"48,834,552.90","159,935.00"
CCI,CROWN CASTLE INTERNATIONAL REIT CO,Real Estate,Equity,"$48,285,192.42 ",0.19,"48,285,192.42","303,318.00"
FISV,FISERV INC,Information Technology,Equity,"$47,562,737.80 ",0.18,"47,562,737.80","417,730.00"
CME,CME GROUP INC CLASS A,Financials,Equity,"$47,188,088.20 ",0.18,"47,188,088.20","259,204.00"
SO,SOUTHERN,Utilities,Equity,"$46,916,793.92 ",0.18,"46,916,793.92","763,744.00"
TFC,TRUIST FINANCIAL CORP,Financials,Equity,"$46,896,341.62 ",0.18,"46,896,341.62","978,434.00"
ITW,ILLINOIS TOOL INC,Industrials,Equity,"$46,830,012.72 ",0.18,"46,830,012.72","229,694.00"
ICE,INTERCONTINENTAL EXCHANGE INC,Financials,Equity,"$46,464,175.80 ",0.18,"46,464,175.80","403,020.00"
GPN,GLOBAL PAYMENTS INC,Information Technology,Equity,"$46,415,685.72 ",0.18,"46,415,685.72","215,466.00"
USB,US BANCORP,Financials,Equity,"$46,208,381.31 ",0.18,"46,208,381.31","991,809.00"
EQIX,EQUINIX REIT INC,Real Estate,Equity,"$46,167,451.92 ",0.18,"46,167,451.92","64,644.00"
PNC,PNC FINANCIAL SERVICES GROUP INC,Financials,Equity,"$46,107,305.00 ",0.18,"46,107,305.00","309,445.00"
FDX,FEDEX CORP,Industrials,Equity,"$45,364,181.46 ",0.18,"45,364,181.46","174,733.00"
D,DOMINION ENERGY INC,Utilities,Equity,"$44,611,648.00 ",0.17,"44,611,648.00","593,240.00"
VRTX,VERTEX PHARMACEUTICALS INC,Health Care,Equity,"$44,576,323.74 ",0.17,"44,576,323.74","188,611.00"
NSC,NORFOLK SOUTHERN CORP,Industrials,Equity,"$44,406,695.29 ",0.17,"44,406,695.29","186,889.00"
APD,AIR PRODUCTS AND CHEMICALS INC,Materials,Equity,"$44,043,610.44 ",0.17,"44,043,610.44","161,202.00"
SHW,SHERWIN WILLIAMS,Materials,Equity,"$43,811,659.65 ",0.17,"43,811,659.65","59,615.00"
MMC,MARSH & MCLENNAN INC,Financials,Equity,"$43,222,725.00 ",0.17,"43,222,725.00","369,425.00"
EL,ESTEE LAUDER INC CLASS A,Consumer Staples,Equity,"$42,683,034.12 ",0.16,"42,683,034.12","160,348.00"
PGR,PROGRESSIVE CORP,Financials,Equity,"$41,817,044.16 ",0.16,"41,817,044.16","422,907.00"
ZM,ZOOM VIDEO COMMUNICATIONS INC CLAS,Information Technology,Equity,"$41,096,370.24 ",0.16,"41,096,370.24","121,832.00"
EW,EDWARDS LIFESCIENCES CORP,Health Care,Equity,"$41,088,532.32 ",0.16,"41,088,532.32","450,384.00"
ECL,ECOLAB INC,Materials,Equity,"$39,348,095.04 ",0.15,"39,348,095.04","181,864.00"
ILMN,ILLUMINA INC,Health Care,Equity,"$39,324,340.00 ",0.15,"39,324,340.00","106,282.00"
ADI,ANALOG DEVICES INC,Information Technology,Equity,"$39,304,896.07 ",0.15,"39,304,896.07","266,059.00"
HUM,HUMANA INC,Health Care,Equity,"$39,240,684.42 ",0.15,"39,240,684.42","95,646.00"
DG,DOLLAR GENERAL CORP,Consumer Discretionary,Equity,"$38,290,372.50 ",0.15,"38,290,372.50","182,075.00"
DD,DUPONT DE NEMOURS INC,Materials,Equity,"$38,154,994.93 ",0.15,"38,154,994.93","536,563.00"
GM,GENERAL MOTORS,Consumer Discretionary,Equity,"$37,968,892.68 ",0.15,"37,968,892.68","911,837.00"
BSX,BOSTON SCIENTIFIC CORP,Health Care,Equity,"$37,528,528.55 ",0.15,"37,528,528.55","1,043,909.00"
WM,WASTE MANAGEMENT INC,Industrials,Equity,"$36,372,088.53 ",0.14,"36,372,088.53","308,421.00"
EMR,EMERSON ELECTRIC,Industrials,Equity,"$34,898,904.36 ",0.13,"34,898,904.36","434,228.00"
AON,AON PLC CLASS A,Financials,Equity,"$34,858,704.92 ",0.13,"34,858,704.92","164,996.00"
NOC,NORTHROP GRUMMAN CORP,Industrials,Equity,"$34,767,333.12 ",0.13,"34,767,333.12","114,096.00"
NEM,NEWMONT,Materials,Equity,"$34,759,377.43 ",0.13,"34,759,377.43","580,387.00"
ETN,EATON PLC,Industrials,Equity,"$34,726,467.00 ",0.13,"34,726,467.00","289,050.00"
TWLO,TWILIO INC CLASS A,Information Technology,Equity,"$34,467,424.00 ",0.13,"34,467,424.00","101,824.00"
MCO,MOODYS CORP,Financials,Equity,"$34,121,194.88 ",0.13,"34,121,194.88","117,562.00"
REGN,REGENERON PHARMACEUTICALS INC,Health Care,Equity,"$33,845,720.38 ",0.13,"33,845,720.38","70,058.00"
KMB,KIMBERLY CLARK CORP,Consumer Staples,Equity,"$33,424,761.49 ",0.13,"33,424,761.49","247,903.00"
COF,CAPITAL ONE FINANCIAL CORP,Financials,Equity,"$32,712,331.65 ",0.13,"32,712,331.65","330,929.00"
ROP,ROPER TECHNOLOGIES INC,Industrials,Equity,"$32,588,679.64 ",0.13,"32,588,679.64","75,596.00"
CTSH,COGNIZANT TECHNOLOGY SOLUTIONS COR,Information Technology,Equity,"$31,791,109.35 ",0.12,"31,791,109.35","387,933.00"
HCA,HCA HEALTHCARE INC,Health Care,Equity,"$31,654,602.96 ",0.12,"31,654,602.96","192,476.00"
COP,CONOCOPHILLIPS,Energy,Equity,"$31,361,557.65 ",0.12,"31,361,557.65","784,235.00"
ROST,ROSS STORES INC,Consumer Discretionary,Equity,"$31,009,156.57 ",0.12,"31,009,156.57","252,497.00"
TWTR,TWITTER INC,Communication,Equity,"$30,630,868.05 ",0.12,"30,630,868.05","565,667.00"
WDAY,WORKDAY INC CLASS A,Information Technology,Equity,"$30,620,720.34 ",0.12,"30,620,720.34","127,794.00"
ALGN,ALIGN TECHNOLOGY INC,Health Care,Equity,"$30,455,384.96 ",0.12,"30,455,384.96","56,992.00"
IDXX,IDEXX LABORATORIES INC,Health Care,Equity,"$30,409,591.45 ",0.12,"30,409,591.45","60,835.00"
AEP,AMERICAN ELECTRIC POWER INC,Utilities,Equity,"$30,025,996.22 ",0.12,"30,025,996.22","360,586.00"
EA,ELECTRONIC ARTS INC,Communication,Equity,"$29,923,511.60 ",0.12,"29,923,511.60","208,381.00"
SPOT,SPOTIFY TECHNOLOGY SA,Communication,Equity,"$29,906,545.04 ",0.12,"29,906,545.04","95,044.00"
BAX,BAXTER INTERNATIONAL INC,Health Care,Equity,"$29,855,458.48 ",0.12,"29,855,458.48","372,077.00"
DOW,DOW INC,Materials,Equity,"$29,720,749.50 ",0.11,"29,720,749.50","535,509.00"
EXC,EXELON CORP,Utilities,Equity,"$29,670,062.78 ",0.11,"29,670,062.78","702,749.00"
KLAC,KLA CORP,Information Technology,Equity,"$28,993,518.53 ",0.11,"28,993,518.53","111,983.00"
LHX,L3HARRIS TECHNOLOGIES INC,Industrials,Equity,"$28,856,927.32 ",0.11,"28,856,927.32","152,666.00"
DOCU,DOCUSIGN INC,Information Technology,Equity,"$28,669,808.70 ",0.11,"28,669,808.70","128,969.00"
SNPS,SYNOPSYS INC,Information Technology,Equity,"$28,547,508.80 ",0.11,"28,547,508.80","110,120.00"
LULU,LULULEMON ATHLETICA INC,Consumer Discretionary,Equity,"$28,515,490.02 ",0.11,"28,515,490.02","81,934.00"
XTSLA,BLK CSH FND TREASURY SL AGENCY,Cash and/or Derivatives,Money Market,"$28,290,000.00 ",0.11,"28,290,000.00","28,290,000.00"
DLR,DIGITAL REALTY TRUST REIT INC,Real Estate,Equity,"$28,270,306.40 ",0.11,"28,270,306.40","202,640.00"
PTON,PELOTON INTERACTIVE CLASS A INC,Consumer Discretionary,Equity,"$27,964,575.24 ",0.11,"27,964,575.24","184,317.00"
CMG,CHIPOTLE MEXICAN GRILL INC,Consumer Discretionary,Equity,"$27,885,351.39 ",0.11,"27,885,351.39","20,109.00"
APH,AMPHENOL CORP CLASS A,Information Technology,Equity,"$27,720,624.60 ",0.11,"27,720,624.60","211,980.00"
GD,GENERAL DYNAMICS CORP,Industrials,Equity,"$27,586,019.30 ",0.11,"27,586,019.30","185,365.00"
FCX,FREEPORT MCMORAN INC,Materials,Equity,"$27,558,796.78 ",0.11,"27,558,796.78","1,059,139.00"
BIIB,BIOGEN INC,Health Care,Equity,"$27,271,282.50 ",0.11,"27,271,282.50","111,375.00"
CDNS,CADENCE DESIGN SYSTEMS INC,Information Technology,Equity,"$27,169,761.64 ",0.11,"27,169,761.64","199,148.00"
VEEV,VEEVA SYSTEMS INC CLASS A,Health Care,Equity,"$26,713,442.25 ",0.1,"26,713,442.25","98,121.00"
SRE,SEMPRA ENERGY,Utilities,Equity,"$26,686,661.55 ",0.1,"26,686,661.55","209,455.00"
A,AGILENT TECHNOLOGIES INC,Health Care,Equity,"$26,412,487.41 ",0.1,"26,412,487.41","222,909.00"
MSCI,MSCI INC,Financials,Equity,"$26,261,322.36 ",0.1,"26,261,322.36","58,812.00"
ROKU,ROKU INC CLASS A,Communication,Equity,"$26,238,212.52 ",0.1,"26,238,212.52","79,026.00"
MET,METLIFE INC,Financials,Equity,"$26,034,667.05 ",0.1,"26,034,667.05","554,519.00"
CSGP,COSTAR GROUP INC,Industrials,Equity,"$25,986,132.20 ",0.1,"25,986,132.20","28,115.00"
SYY,SYSCO CORP,Consumer Staples,Equity,"$25,941,394.32 ",0.1,"25,941,394.32","349,332.00"
GIS,GENERAL MILLS INC,Consumer Staples,Equity,"$25,724,059.20 ",0.1,"25,724,059.20","437,484.00"
INFO,IHS MARKIT LTD,Industrials,Equity,"$25,685,900.37 ",0.1,"25,685,900.37","285,939.00"
TRV,TRAVELERS COMPANIES INC,Financials,Equity,"$25,576,396.59 ",0.1,"25,576,396.59","182,207.00"
MAR,MARRIOTT INTERNATIONAL INC CLASS A,Consumer Discretionary,Equity,"$25,536,941.68 ",0.1,"25,536,941.68","193,579.00"
PH,PARKER-HANNIFIN CORP,Industrials,Equity,"$25,478,507.30 ",0.1,"25,478,507.30","93,530.00"
STZ,CONSTELLATION BRANDS INC CLASS A,Consumer Staples,Equity,"$25,376,066.30 ",0.1,"25,376,066.30","115,846.00"
XEL,XCEL ENERGY INC,Utilities,Equity,"$25,233,794.96 ",0.1,"25,233,794.96","378,488.00"
PSA,PUBLIC STORAGE REIT,Real Estate,Equity,"$25,169,984.42 ",0.1,"25,169,984.42","108,994.00"
APTV,APTIV PLC,Consumer Discretionary,Equity,"$25,115,351.85 ",0.1,"25,115,351.85","192,765.00"
TT,TRANE TECHNOLOGIES PLC,Industrials,Equity,"$25,038,503.24 ",0.1,"25,038,503.24","172,489.00"
MCHP,MICROCHIP TECHNOLOGY INC,Information Technology,Equity,"$25,032,437.50 ",0.1,"25,032,437.50","181,250.00"
XLNX,XILINX INC,Information Technology,Equity,"$24,952,512.39 ",0.1,"24,952,512.39","176,007.00"
PPG,PPG INDUSTRIES INC,Materials,Equity,"$24,897,131.26 ",0.1,"24,897,131.26","172,633.00"
F,FORD MOTOR CO,Consumer Discretionary,Equity,"$24,891,029.76 ",0.1,"24,891,029.76","2,831,744.00"
CNC,CENTENE CORP,Health Care,Equity,"$24,852,420.00 ",0.1,"24,852,420.00","414,000.00"
TROW,T ROWE PRICE GROUP INC,Financials,Equity,"$24,667,637.99 ",0.1,"24,667,637.99","162,941.00"
MNST,MONSTER BEVERAGE CORP,Consumer Staples,Equity,"$24,656,462.72 ",0.1,"24,656,462.72","266,614.00"
JCI,JOHNSON CONTROLS INTERNATIONAL PLC,Industrials,Equity,"$24,580,138.56 ",0.1,"24,580,138.56","527,584.00"
MTCH,MATCH GROUP INC,Communication,Equity,"$24,556,884.56 ",0.09,"24,556,884.56","162,424.00"
HPQ,HP INC,Information Technology,Equity,"$24,531,131.54 ",0.09,"24,531,131.54","997,606.00"
IQV,IQVIA HOLDINGS INC,Health Care,Equity,"$24,516,189.44 ",0.09,"24,516,189.44","136,832.00"
DXCM,DEXCOM INC,Health Care,Equity,"$24,493,950.00 ",0.09,"24,493,950.00","66,250.00"
BK,BANK OF NEW YORK MELLON CORP,Financials,Equity,"$24,402,193.64 ",0.09,"24,402,193.64","574,981.00"
ALL,ALLSTATE CORP,Financials,Equity,"$24,217,359.14 ",0.09,"24,217,359.14","220,298.00"
TTD,TRADE DESK INC CLASS A,Information Technology,Equity,"$24,169,374.00 ",0.09,"24,169,374.00","30,174.00"
CMI,CUMMINS INC,Industrials,Equity,"$24,149,586.90 ",0.09,"24,149,586.90","106,339.00"
ALXN,ALEXION PHARMACEUTICALS INC,Health Care,Equity,"$24,058,147.68 ",0.09,"24,058,147.68","153,982.00"
PANW,PALO ALTO NETWORKS INC,Information Technology,Equity,"$24,003,395.99 ",0.09,"24,003,395.99","67,541.00"
EBAY,EBAY INC,Consumer Discretionary,Equity,"$23,949,501.75 ",0.09,"23,949,501.75","476,607.00"
TDG,TRANSDIGM GROUP INC,Industrials,Equity,"$23,685,246.05 ",0.09,"23,685,246.05","38,273.00"
VRSK,VERISK ANALYTICS INC,Industrials,Equity,"$23,683,112.74 ",0.09,"23,683,112.74","114,086.00"
CARR,CARRIER GLOBAL CORP,Industrials,Equity,"$23,575,678.96 ",0.09,"23,575,678.96","625,018.00"
YUM,YUM BRANDS INC,Consumer Discretionary,Equity,"$23,547,749.60 ",0.09,"23,547,749.60","216,910.00"
ORLY,OREILLY AUTOMOTIVE INC,Consumer Discretionary,Equity,"$23,544,954.25 ",0.09,"23,544,954.25","52,025.00"
AIG,AMERICAN INTERNATIONAL GROUP INC,Financials,Equity,"$23,504,396.64 ",0.09,"23,504,396.64","620,824.00"
CRWD,CROWDSTRIKE HOLDINGS INC CLASS A,Information Technology,Equity,"$23,137,945.88 ",0.09,"23,137,945.88","109,234.00"
MRVL,MARVELL TECHNOLOGY GROUP LTD,Information Technology,Equity,"$23,044,539.60 ",0.09,"23,044,539.60","484,740.00"
ZBH,ZIMMER BIOMET HOLDINGS INC,Health Care,Equity,"$23,022,895.08 ",0.09,"23,022,895.08","149,412.00"
SBAC,SBA COMMUNICATIONS REIT CORP CLASS,Real Estate,Equity,"$22,521,873.64 ",0.09,"22,521,873.64","79,828.00"
CTAS,CINTAS CORP,Industrials,Equity,"$22,450,011.90 ",0.09,"22,450,011.90","63,515.00"
AFL,AFLAC INC,Financials,Equity,"$22,437,738.73 ",0.09,"22,437,738.73","504,559.00"
ANSS,ANSYS INC,Information Technology,Equity,"$22,390,071.00 ",0.09,"22,390,071.00","61,545.00"
TEAM,ATLASSIAN PLC CLASS A,Information Technology,Equity,"$22,356,568.78 ",0.09,"22,356,568.78","95,594.00"
HLT,HILTON WORLDWIDE HOLDINGS INC,Consumer Discretionary,Equity,"$22,291,497.30 ",0.09,"22,291,497.30","200,355.00"
RMD,RESMED INC,Health Care,Equity,"$22,276,925.68 ",0.09,"22,276,925.68","104,803.00"
PRU,PRUDENTIAL FINANCIAL INC,Financials,Equity,"$22,221,766.73 ",0.09,"22,221,766.73","284,639.00"
SLB,SCHLUMBERGER NV,Energy,Equity,"$22,179,389.15 ",0.09,"22,179,389.15","1,016,005.00"
PSX,PHILLIPS,Energy,Equity,"$21,947,521.70 ",0.08,"21,947,521.70","313,805.00"
MRNA,MODERNA INC,Health Care,Equity,"$21,780,219.01 ",0.08,"21,780,219.01","208,483.00"
RNG,RINGCENTRAL INC CLASS A,Information Technology,Equity,"$21,729,381.86 ",0.08,"21,729,381.86","57,338.00"
PAYX,PAYCHEX INC,Information Technology,Equity,"$21,498,396.42 ",0.08,"21,498,396.42","230,719.00"
PCAR,PACCAR INC,Industrials,Equity,"$21,487,084.92 ",0.08,"21,487,084.92","249,039.00"
ES,EVERSOURCE ENERGY,Utilities,Equity,"$21,405,169.30 ",0.08,"21,405,169.30","247,430.00"
PEG,PUBLIC SERVICE ENTERPRISE GROUP IN,Utilities,Equity,"$21,382,108.00 ",0.08,"21,382,108.00","366,760.00"
BLL,BALL CORP,Materials,Equity,"$21,364,217.22 ",0.08,"21,364,217.22","229,279.00"
ROK,ROCKWELL AUTOMATION INC,Industrials,Equity,"$21,325,621.87 ",0.08,"21,325,621.87","85,027.00"
CTVA,CORTEVA INC,Materials,Equity,"$21,250,000.64 ",0.08,"21,250,000.64","548,812.00"
OKTA,OKTA INC CLASS A,Information Technology,Equity,"$21,118,327.08 ",0.08,"21,118,327.08","83,058.00"
WBA,WALGREEN BOOTS ALLIANCE INC,Consumer Staples,Equity,"$20,982,383.44 ",0.08,"20,982,383.44","526,138.00"
WEC,WEC ENERGY GROUP INC,Utilities,Equity,"$20,975,017.45 ",0.08,"20,975,017.45","227,915.00"
EOG,EOG RESOURCES INC,Energy,Equity,"$20,899,719.08 ",0.08,"20,899,719.08","419,084.00"
MSI,MOTOROLA SOLUTIONS INC,Information Technology,Equity,"$20,775,379.90 ",0.08,"20,775,379.90","122,165.00"
MCK,MCKESSON CORP,Health Care,Equity,"$20,637,868.96 ",0.08,"20,637,868.96","118,663.00"
FAST,FASTENAL,Industrials,Equity,"$20,506,842.12 ",0.08,"20,506,842.12","419,964.00"
ADM,ARCHER DANIELS MIDLAND,Consumer Staples,Equity,"$20,056,777.93 ",0.08,"20,056,777.93","397,873.00"
VFC,VF CORP,Consumer Discretionary,Equity,"$19,998,068.22 ",0.08,"19,998,068.22","234,142.00"
SWK,STANLEY BLACK & DECKER INC,Industrials,Equity,"$19,988,184.96 ",0.08,"19,988,184.96","111,941.00"
AME,AMETEK INC,Industrials,Equity,"$19,968,524.34 ",0.08,"19,968,524.34","165,111.00"
AZO,AUTOZONE INC,Consumer Discretionary,Equity,"$19,956,882.40 ",0.08,"19,956,882.40","16,835.00"
AWK,AMERICAN WATER WORKS INC,Utilities,Equity,"$19,954,322.87 ",0.08,"19,954,322.87","130,021.00"
DFS,DISCOVER FINANCIAL SERVICES,Financials,Equity,"$19,914,970.46 ",0.08,"19,914,970.46","219,982.00"
OTIS,OTIS WORLDWIDE CORP,Industrials,Equity,"$19,894,082.95 ",0.08,"19,894,082.95","294,509.00"
SPG,SIMON PROPERTY GROUP REIT INC,Real Estate,Equity,"$19,816,598.88 ",0.08,"19,816,598.88","232,371.00"
LUV,SOUTHWEST AIRLINES,Industrials,Equity,"$19,722,508.79 ",0.08,"19,722,508.79","423,139.00"
WELL,WELLTOWER INC,Real Estate,Equity,"$19,607,840.46 ",0.08,"19,607,840.46","303,433.00"
WLTW,WILLIS TOWERS WATSON PLC,Financials,Equity,"$19,472,099.00 ",0.08,"19,472,099.00","92,425.00"
SPLK,SPLUNK INC,Information Technology,Equity,"$19,449,007.20 ",0.08,"19,449,007.20","114,480.00"
GLW,CORNING INC,Information Technology,Equity,"$19,384,704.00 ",0.07,"19,384,704.00","538,464.00"
MTD,METTLER TOLEDO INC,Health Care,Equity,"$19,294,782.40 ",0.07,"19,294,782.40","16,930.00"
MPC,MARATHON PETROLEUM CORP,Energy,Equity,"$19,240,010.24 ",0.07,"19,240,010.24","465,184.00"
KMI,KINDER MORGAN INC,Energy,Equity,"$19,116,975.54 ",0.07,"19,116,975.54","1,398,462.00"
CPRT,COPART INC,Industrials,Equity,"$19,026,801.75 ",0.07,"19,026,801.75","149,523.00"
PINS,PINTEREST INC CLASS A,Communication,Equity,"$19,015,774.50 ",0.07,"19,015,774.50","288,555.00"
FRC,FIRST REPUBLIC BANK,Financials,Equity,"$18,414,589.97 ",0.07,"18,414,589.97","125,329.00"
DAL,DELTA AIR LINES INC,Industrials,Equity,"$18,399,291.80 ",0.07,"18,399,291.80","457,580.00"
STT,STATE STREET CORP,Financials,Equity,"$18,377,459.46 ",0.07,"18,377,459.46","252,507.00"
WY,WEYERHAEUSER REIT,Real Estate,Equity,"$18,345,537.14 ",0.07,"18,345,537.14","547,138.00"
LBRDK,LIBERTY BROADBAND CORP SERIES C,Communication,Equity,"$18,302,820.90 ",0.07,"18,302,820.90","115,570.00"
SWKS,SKYWORKS SOLUTIONS INC,Information Technology,Equity,"$18,278,332.80 ",0.07,"18,278,332.80","119,560.00"
CLX,CLOROX,Consumer Staples,Equity,"$18,270,529.28 ",0.07,"18,270,529.28","90,484.00"
DLTR,DOLLAR TREE INC,Consumer Discretionary,Equity,"$18,175,785.28 ",0.07,"18,175,785.28","168,232.00"
KEYS,KEYSIGHT TECHNOLOGIES INC,Information Technology,Equity,"$17,697,946.56 ",0.07,"17,697,946.56","133,984.00"
KR,KROGER,Consumer Staples,Equity,"$17,626,228.32 ",0.07,"17,626,228.32","554,982.00"
ED,CONSOLIDATED EDISON INC,Utilities,Equity,"$17,579,966.58 ",0.07,"17,579,966.58","243,254.00"
WMB,WILLIAMS INC,Energy,Equity,"$17,494,086.15 ",0.07,"17,494,086.15","872,523.00"
ARE,ALEXANDRIA REAL ESTATE EQUITIES RE,Real Estate,Equity,"$17,310,508.60 ",0.07,"17,310,508.60","97,130.00"
TTWO,TAKE TWO INTERACTIVE SOFTWARE INC,Communication,Equity,"$17,214,362.55 ",0.07,"17,214,362.55","82,845.00"
AJG,ARTHUR J GALLAGHER,Financials,Equity,"$17,132,474.19 ",0.07,"17,132,474.19","138,489.00"
CERN,CERNER CORP,Health Care,Equity,"$17,110,680.48 ",0.07,"17,110,680.48","218,026.00"
MKC,MCCORMICK & CO NON-VOTING INC,Consumer Staples,Equity,"$17,062,879.20 ",0.07,"17,062,879.20","178,482.00"
COUP,COUPA SOFTWARE INC,Information Technology,Equity,"$16,980,068.82 ",0.07,"16,980,068.82","50,102.00"
EFX,EQUIFAX INC,Industrials,Equity,"$16,932,701.88 ",0.07,"16,932,701.88","87,807.00"
MXIM,MAXIM INTEGRATED PRODUCTS INC,Information Technology,Equity,"$16,857,949.95 ",0.07,"16,857,949.95","190,163.00"
LYB,LYONDELLBASELL INDUSTRIES NV CLASS,Materials,Equity,"$16,841,150.10 ",0.07,"16,841,150.10","183,735.00"
DTE,DTE ENERGY,Utilities,Equity,"$16,719,128.28 ",0.06,"16,719,128.28","137,708.00"
AMP,AMERIPRISE FINANCE INC,Financials,Equity,"$16,633,870.68 ",0.06,"16,633,870.68","85,596.00"
VLO,VALERO ENERGY CORP,Energy,Equity,"$16,524,153.57 ",0.06,"16,524,153.57","292,101.00"
EIX,EDISON INTERNATIONAL,Utilities,Equity,"$16,503,128.10 ",0.06,"16,503,128.10","262,705.00"
YUMC,YUM CHINA HOLDINGS INC,Consumer Discretionary,Equity,"$16,413,660.45 ",0.06,"16,413,660.45","287,505.00"
PAYC,PAYCOM SOFTWARE INC,Information Technology,Equity,"$16,345,219.50 ",0.06,"16,345,219.50","36,142.00"
DHI,D R HORTON INC,Consumer Discretionary,Equity,"$16,324,253.36 ",0.06,"16,324,253.36","236,858.00"
BBY,BEST BUY INC,Consumer Discretionary,Equity,"$16,322,251.14 ",0.06,"16,322,251.14","163,566.00"
FLT,FLEETCOR TECHNOLOGIES INC,Information Technology,Equity,"$16,220,834.82 ",0.06,"16,220,834.82","59,454.00"
VTRS,VIATRIS INC,Health Care,Equity,"$16,187,780.66 ",0.06,"16,187,780.66","863,809.00"
AVB,AVALONBAY COMMUNITIES REIT INC,Real Estate,Equity,"$16,188,349.58 ",0.06,"16,188,349.58","100,906.00"
HSY,HERSHEY FOODS,Consumer Staples,Equity,"$16,154,444.17 ",0.06,"16,154,444.17","106,049.00"
SGEN,SEAGEN INC,Health Care,Equity,"$16,100,970.48 ",0.06,"16,100,970.48","91,932.00"
KHC,KRAFT HEINZ,Consumer Staples,Equity,"$16,071,980.64 ",0.06,"16,071,980.64","463,704.00"
EQR,EQUITY RESIDENTIAL REIT,Real Estate,Equity,"$15,968,490.72 ",0.06,"15,968,490.72","269,374.00"
KKR,KKR AND CO INC,Financials,Equity,"$15,961,724.86 ",0.06,"15,961,724.86","394,214.00"
O,REALTY INCOME REIT CORP,Real Estate,Equity,"$15,940,512.34 ",0.06,"15,940,512.34","256,402.00"
USD,USD CASH,Cash and/or Derivatives,Cash,"$15,872,388.09 ",0.06,"15,872,388.09","15,872,388.00"
CHD,CHURCH AND DWIGHT INC,Consumer Staples,Equity,"$15,857,541.70 ",0.06,"15,857,541.70","181,790.00"
VRSN,VERISIGN INC,Information Technology,Equity,"$15,846,755.60 ",0.06,"15,846,755.60","73,229.00"
PPL,PPL CORP,Utilities,Equity,"$15,784,329.60 ",0.06,"15,784,329.60","559,728.00"
TDOC,TELADOC HEALTH INC,Health Care,Equity,"$15,700,859.20 ",0.06,"15,700,859.20","78,520.00"
FTV,FORTIVE CORP,Industrials,Equity,"$15,516,166.26 ",0.06,"15,516,166.26","219,093.00"
CBRE,CBRE GROUP INC CLASS A,Real Estate,Equity,"$15,384,651.52 ",0.06,"15,384,651.52","245,291.00"
ETSY,ETSY INC,Consumer Discretionary,Equity,"$15,233,543.75 ",0.06,"15,233,543.75","85,625.00"
MKTX,MARKETAXESS HOLDINGS INC,Financials,Equity,"$15,039,391.04 ",0.06,"15,039,391.04","26,359.00"
WST,WEST PHARMACEUTICAL SERVICES INC,Health Care,Equity,"$14,878,591.27 ",0.06,"14,878,591.27","52,517.00"
VIAC,VIACOMCBS INC CLASS B,Communication,Equity,"$14,861,821.68 ",0.06,"14,861,821.68","398,868.00"
ETR,ENTERGY CORP,Utilities,Equity,"$14,746,168.32 ",0.06,"14,746,168.32","147,698.00"
LEN,LENNAR A CORP,Consumer Discretionary,Equity,"$14,740,900.02 ",0.06,"14,740,900.02","193,374.00"
ZBRA,ZEBRA TECHNOLOGIES CORP CLASS A,Information Technology,Equity,"$14,649,506.61 ",0.06,"14,649,506.61","38,117.00"
LH,LABORATORY CORPORATION OF AMERICA,Health Care,Equity,"$14,519,221.50 ",0.06,"14,519,221.50","71,330.00"
VMC,VULCAN MATERIALS,Materials,Equity,"$14,457,555.42 ",0.06,"14,457,555.42","97,482.00"
SYF,SYNCHRONY FINANCIAL,Financials,Equity,"$14,447,482.14 ",0.06,"14,447,482.14","416,234.00"
RSG,REPUBLIC SERVICES INC,Industrials,Equity,"$14,443,555.50 ",0.06,"14,443,555.50","149,985.00"
IP,INTERNATIONAL PAPER,Materials,Equity,"$14,367,837.00 ",0.06,"14,367,837.00","288,975.00"
SIVB,SVB FINANCIAL GROUP,Financials,Equity,"$14,233,361.00 ",0.06,"14,233,361.00","36,700.00"
FTNT,FORTINET INC,Information Technology,Equity,"$14,199,765.06 ",0.05,"14,199,765.06","95,602.00"
TER,TERADYNE INC,Information Technology,Equity,"$14,171,597.45 ",0.05,"14,171,597.45","118,205.00"
LVS,LAS VEGAS SANDS CORP,Consumer Discretionary,Equity,"$14,133,126.80 ",0.05,"14,133,126.80","237,133.00"
EXAS,EXACT SCIENCES CORP,Health Care,Equity,"$14,061,826.15 ",0.05,"14,061,826.15","106,135.00"
TFX,TELEFLEX INC,Health Care,Equity,"$14,037,829.56 ",0.05,"14,037,829.56","34,108.00"
FITB,FIFTH THIRD BANCORP,Financials,Equity,"$14,015,071.65 ",0.05,"14,015,071.65","508,345.00"
ODFL,OLD DOMINION FREIGHT LINE INC,Industrials,Equity,"$13,989,331.32 ",0.05,"13,989,331.32","71,674.00"
QRVO,QORVO INC,Information Technology,Equity,"$13,947,392.68 ",0.05,"13,947,392.68","83,884.00"
AEE,AMEREN CORP,Utilities,Equity,"$13,948,541.40 ",0.05,"13,948,541.40","178,690.00"
DELL,DELL TECHNOLOGIES INC CLASS C,Information Technology,Equity,"$13,754,480.88 ",0.05,"13,754,480.88","187,672.00"
CDW,CDW CORP,Information Technology,Equity,"$13,749,782.49 ",0.05,"13,749,782.49","104,331.00"
KSU,KANSAS CITY SOUTHERN,Industrials,Equity,"$13,731,212.71 ",0.05,"13,731,212.71","67,267.00"
PXD,PIONEER NATURAL RESOURCE,Energy,Equity,"$13,720,214.41 ",0.05,"13,720,214.41","120,469.00"
Z,ZILLOW GROUP INC CLASS C,Communication,Equity,"$13,712,980.60 ",0.05,"13,712,980.60","105,647.00"
TRU,TRANSUNION,Industrials,Equity,"$13,684,025.52 ",0.05,"13,684,025.52","137,916.00"
TSN,TYSON FOODS INC CLASS A,Consumer Staples,Equity,"$13,611,081.24 ",0.05,"13,611,081.24","211,221.00"
EPAM,EPAM SYSTEMS INC,Information Technology,Equity,"$13,589,348.70 ",0.05,"13,589,348.70","37,922.00"
AMCR,AMCOR PLC,Materials,Equity,"$13,468,987.73 ",0.05,"13,468,987.73","1,144,349.00"
MDB,MONGODB INC CLASS A,Information Technology,Equity,"$13,439,226.24 ",0.05,"13,439,226.24","37,431.00"
HOLX,HOLOGIC INC,Health Care,Equity,"$13,332,915.27 ",0.05,"13,332,915.27","183,069.00"
ENPH,ENPHASE ENERGY INC,Information Technology,Equity,"$13,214,119.29 ",0.05,"13,214,119.29","75,307.00"
NTRS,NORTHERN TRUST CORP,Financials,Equity,"$13,139,539.22 ",0.05,"13,139,539.22","141,073.00"
VTR,VENTAS REIT INC,Real Estate,Equity,"$13,095,886.80 ",0.05,"13,095,886.80","267,045.00"
CAG,CONAGRA BRANDS INC,Consumer Staples,Equity,"$13,046,057.92 ",0.05,"13,046,057.92","359,792.00"
XYL,XYLEM INC,Industrials,Equity,"$13,023,216.18 ",0.05,"13,023,216.18","127,942.00"
GWW,WW GRAINGER INC,Industrials,Equity,"$12,973,370.14 ",0.05,"12,973,370.14","31,771.00"
DOV,DOVER CORP,Industrials,Equity,"$12,926,485.00 ",0.05,"12,926,485.00","102,388.00"
HIG,HARTFORD FINANCIAL SERVICES GROUP,Financials,Equity,"$12,893,838.06 ",0.05,"12,893,838.06","263,247.00"
CMS,CMS ENERGY CORP,Utilities,Equity,"$12,857,186.39 ",0.05,"12,857,186.39","210,739.00"
COO,COOPER INC,Health Care,Equity,"$12,850,628.40 ",0.05,"12,850,628.40","35,370.00"
GRMN,GARMIN LTD,Consumer Discretionary,Equity,"$12,844,902.70 ",0.05,"12,844,902.70","107,345.00"
MLM,MARTIN MARIETTA MATERIALS INC,Materials,Equity,"$12,823,517.26 ",0.05,"12,823,517.26","45,158.00"
EXPE,EXPEDIA GROUP INC,Consumer Discretionary,Equity,"$12,815,790.40 ",0.05,"12,815,790.40","96,796.00"
NVCR,NOVOCURE LTD,Health Care,Equity,"$12,780,734.40 ",0.05,"12,780,734.40","73,860.00"
BR,BROADRIDGE FINANCIAL SOLUTIONS INC,Information Technology,Equity,"$12,726,477.20 ",0.05,"12,726,477.20","83,071.00"
TYL,TYLER TECHNOLOGIES INC,Information Technology,Equity,"$12,705,787.64 ",0.05,"12,705,787.64","29,107.00"
BURL,BURLINGTON STORES INC,Consumer Discretionary,Equity,"$12,533,999.10 ",0.05,"12,533,999.10","47,922.00"
AKAM,AKAMAI TECHNOLOGIES INC,Information Technology,Equity,"$12,416,327.38 ",0.05,"12,416,327.38","118,262.00"
STNE,STONECO LTD CLASS A,Information Technology,Equity,"$12,363,681.84 ",0.05,"12,363,681.84","147,327.00"
OKE,ONEOK INC,Energy,Equity,"$12,337,980.22 ",0.05,"12,337,980.22","321,469.00"
WDC,WESTERN DIGITAL CORP,Information Technology,Equity,"$12,323,998.05 ",0.05,"12,323,998.05","222,495.00"
ANET,ARISTA NETWORKS INC,Information Technology,Equity,"$12,254,499.18 ",0.05,"12,254,499.18","42,174.00"
CTLT,CATALENT INC,Health Care,Equity,"$12,061,817.07 ",0.05,"12,061,817.07","115,901.00"
PCG,PG&E CORP,Utilities,Equity,"$12,032,883.66 ",0.05,"12,032,883.66","965,721.00"
HAL,HALLIBURTON,Energy,Equity,"$12,017,924.10 ",0.05,"12,017,924.10","635,869.00"
ZEN,ZENDESK INC,Information Technology,Equity,"$12,004,333.12 ",0.05,"12,004,333.12","83,876.00"
PODD,INSULET CORP,Health Care,Equity,"$11,946,356.79 ",0.05,"11,946,356.79","46,733.00"
URI,UNITED RENTALS INC,Industrials,Equity,"$11,899,070.19 ",0.05,"11,899,070.19","51,309.00"
INVH,INVITATION HOMES INC,Real Estate,Equity,"$11,890,513.80 ",0.05,"11,890,513.80","400,354.00"
WORK,SLACK TECHNOLOGIES CLASS A INC,Information Technology,Equity,"$11,872,101.12 ",0.05,"11,872,101.12","281,063.00"
TRMB,TRIMBLE INC,Information Technology,Equity,"$11,851,675.00 ",0.05,"11,851,675.00","177,500.00"
FE,FIRSTENERGY CORP,Utilities,Equity,"$11,815,000.85 ",0.05,"11,815,000.85","385,985.00"
VAR,VARIAN MEDICAL SYSTEMS INC,Health Care,Equity,"$11,766,972.36 ",0.05,"11,766,972.36","67,236.00"
KEY,KEYCORP,Financials,Equity,"$11,758,191.66 ",0.05,"11,758,191.66","716,526.00"
EXPD,EXPEDITORS INTERNATIONAL OF WASHIN,Industrials,Equity,"$11,749,223.63 ",0.05,"11,749,223.63","123,533.00"
STE,STERIS,Health Care,Equity,"$11,718,689.58 ",0.05,"11,718,689.58","61,827.00"
HUBS,HUBSPOT INC,Information Technology,Equity,"$11,700,133.72 ",0.05,"11,700,133.72","29,513.00"
SSNC,SS AND C TECHNOLOGIES HOLDINGS INC,Information Technology,Equity,"$11,666,772.00 ",0.05,"11,666,772.00","160,368.00"
W,WAYFAIR INC CLASS A,Consumer Discretionary,Equity,"$11,666,925.27 ",0.05,"11,666,925.27","51,667.00"
SUI,SUN COMMUNITIES REIT INC,Real Estate,Equity,"$11,659,579.35 ",0.05,"11,659,579.35","76,733.00"
TSCO,TRACTOR SUPPLY,Consumer Discretionary,Equity,"$11,645,506.62 ",0.05,"11,645,506.62","82,839.00"
IR,INGERSOLL RAND INC,Industrials,Equity,"$11,621,627.04 ",0.04,"11,621,627.04","255,084.00"
CAH,CARDINAL HEALTH INC,Health Care,Equity,"$11,602,220.76 ",0.04,"11,602,220.76","216,621.00"
PEAK,HEALTHPEAK PROPERTIES INC,Real Estate,Equity,"$11,602,455.38 ",0.04,"11,602,455.38","383,806.00"
MTB,M&T BANK CORP,Financials,Equity,"$11,601,358.20 ",0.04,"11,601,358.20","91,134.00"
MPWR,MONOLITHIC POWER SYSTEMS INC,Information Technology,Equity,"$11,566,275.86 ",0.04,"11,566,275.86","31,582.00"
DGX,QUEST DIAGNOSTICS INC,Health Care,Equity,"$11,559,728.34 ",0.04,"11,559,728.34","97,002.00"
CTXS,CITRIX SYSTEMS INC,Information Technology,Equity,"$11,494,335.00 ",0.04,"11,494,335.00","88,350.00"
ESS,ESSEX PROPERTY TRUST REIT INC,Real Estate,Equity,"$11,468,810.52 ",0.04,"11,468,810.52","48,306.00"
RF,REGIONS FINANCIAL CORP,Financials,Equity,"$11,420,359.08 ",0.04,"11,420,359.08","708,459.00"
NUE,NUCOR CORP,Materials,Equity,"$11,416,382.46 ",0.04,"11,416,382.46","214,634.00"
PKI,PERKINELMER INC,Health Care,Equity,"$11,394,330.50 ",0.04,"11,394,330.50","79,403.00"
TIF,TIFFANY,Consumer Discretionary,Equity,"$11,393,691.65 ",0.04,"11,393,691.65","86,677.00"
BMRN,BIOMARIN PHARMACEUTICAL INC,Health Care,Equity,"$11,371,025.37 ",0.04,"11,371,025.37","129,673.00"
KMX,CARMAX INC,Consumer Discretionary,Equity,"$11,363,632.46 ",0.04,"11,363,632.46","120,301.00"
INCY,INCYTE CORP,Health Care,Equity,"$11,361,240.62 ",0.04,"11,361,240.62","130,619.00"
SEDG,SOLAREDGE TECHNOLOGIES INC,Information Technology,Equity,"$11,322,696.72 ",0.04,"11,322,696.72","35,481.00"
HPE,HEWLETT PACKARD ENTERPRISE,Information Technology,Equity,"$11,314,676.25 ",0.04,"11,314,676.25","954,825.00"
K,KELLOGG,Consumer Staples,Equity,"$11,110,108.59 ",0.04,"11,110,108.59","178,533.00"
ALB,ALBEMARLE CORP,Materials,Equity,"$11,067,097.92 ",0.04,"11,067,097.92","75,021.00"
CFG,CITIZENS FINANCIAL GROUP INC,Financials,Equity,"$11,053,988.16 ",0.04,"11,053,988.16","309,116.00"
ALNY,ALNYLAM PHARMACEUTICALS INC,Health Care,Equity,"$11,048,489.76 ",0.04,"11,048,489.76","85,008.00"
AES,AES CORP,Utilities,Equity,"$11,048,337.00 ",0.04,"11,048,337.00","470,142.00"
DRI,DARDEN RESTAURANTS INC,Consumer Discretionary,Equity,"$11,027,414.88 ",0.04,"11,027,414.88","92,574.00"
FMC,FMC CORP,Materials,Equity,"$11,012,132.88 ",0.04,"11,012,132.88","95,816.00"
ULTA,ULTA BEAUTY INC,Consumer Discretionary,Equity,"$10,974,968.04 ",0.04,"10,974,968.04","38,219.00"
NDAQ,NASDAQ INC,Financials,Equity,"$10,860,388.58 ",0.04,"10,860,388.58","81,817.00"
DPZ,DOMINOS PIZZA INC,Consumer Discretionary,Equity,"$10,848,850.32 ",0.04,"10,848,850.32","28,292.00"
CE,CELANESE CORP,Materials,Equity,"$10,796,194.84 ",0.04,"10,796,194.84","83,086.00"
WAT,WATER CORP,Health Care,Equity,"$10,754,605.14 ",0.04,"10,754,605.14","43,467.00"
IEX,IDEX CORP,Industrials,Equity,"$10,719,350.40 ",0.04,"10,719,350.40","53,812.00"
DDOG,DATADOG INC CLASS A,Information Technology,Equity,"$10,678,869.64 ",0.04,"10,678,869.64","108,481.00"
BXP,BOSTON PROPERTIES REIT INC,Real Estate,Equity,"$10,677,163.50 ",0.04,"10,677,163.50","112,950.00"
HES,HESS CORP,Energy,Equity,"$10,632,592.27 ",0.04,"10,632,592.27","201,413.00"
MGM,MGM RESORTS INTERNATIONAL,Consumer Discretionary,Equity,"$10,527,270.43 ",0.04,"10,527,270.43","334,093.00"
ZS,ZSCALER INC,Information Technology,Equity,"$10,506,743.10 ",0.04,"10,506,743.10","52,610.00"
DRE,DUKE REALTY REIT CORP,Real Estate,Equity,"$10,496,002.09 ",0.04,"10,496,002.09","262,597.00"
POOL,POOL CORP,Consumer Discretionary,Equity,"$10,485,502.50 ",0.04,"10,485,502.50","28,149.00"
TDY,TELEDYNE TECHNOLOGIES INC,Industrials,Equity,"$10,453,322.64 ",0.04,"10,453,322.64","26,668.00"
ACGL,ARCH CAPITAL GROUP LTD,Financials,Equity,"$10,438,874.42 ",0.04,"10,438,874.42","289,406.00"
GPC,GENUINE PARTS,Consumer Discretionary,Equity,"$10,437,187.75 ",0.04,"10,437,187.75","103,925.00"
LDOS,LEIDOS HOLDINGS INC,Information Technology,Equity,"$10,406,669.76 ",0.04,"10,406,669.76","98,998.00"
NTAP,NETAPP INC,Information Technology,Equity,"$10,401,203.52 ",0.04,"10,401,203.52","157,023.00"
EXR,EXTRA SPACE STORAGE REIT INC,Real Estate,Equity,"$10,401,563.22 ",0.04,"10,401,563.22","89,777.00"
KDP,KEURIG DR PEPPER INC,Consumer Staples,Equity,"$10,376,128.00 ",0.04,"10,376,128.00","324,254.00"
OXY,OCCIDENTAL PETROLEUM CORP,Energy,Equity,"$10,369,555.50 ",0.04,"10,369,555.50","599,050.00"
MAA,MID AMERICA APARTMENT COMMUNITIES,Real Estate,Equity,"$10,354,500.39 ",0.04,"10,354,500.39","81,731.00"
HZNP,HORIZON THERAPEUTICS PUBLIC PLC,Health Care,Equity,"$10,346,409.15 ",0.04,"10,346,409.15","141,441.00"
MAS,MASCO CORP,Industrials,Equity,"$10,243,566.12 ",0.04,"10,243,566.12","186,484.00"
LNG,CHENIERE ENERGY INC,Energy,Equity,"$10,240,217.55 ",0.04,"10,240,217.55","170,585.00"
GDDY,GODADDY INC CLASS A,Information Technology,Equity,"$10,228,149.75 ",0.04,"10,228,149.75","123,305.00"
NVR,NVR INC,Consumer Discretionary,Equity,"$10,191,490.28 ",0.04,"10,191,490.28","2,498.00"
BFB,BROWN FORMAN CORP CLASS B,Consumer Staples,Equity,"$10,172,917.82 ",0.04,"10,172,917.82","128,074.00"
FICO,FAIR ISAAC CORP,Information Technology,Equity,"$10,166,629.76 ",0.04,"10,166,629.76","19,894.00"
ABMD,ABIOMED INC,Health Care,Equity,"$10,154,916.60 ",0.04,"10,154,916.60","31,323.00"
ELAN,ELANCO ANIMAL HEALTH INC,Health Care,Equity,"$10,120,915.98 ",0.04,"10,120,915.98","329,994.00"
AVTR,AVANTOR INC,Health Care,Equity,"$10,112,408.95 ",0.04,"10,112,408.95","359,233.00"
ABC,AMERISOURCEBERGEN CORP,Health Care,Equity,"$10,112,196.64 ",0.04,"10,112,196.64","103,439.00"
IAC,IAC INTERACTIVE,Communication,Equity,"$10,106,177.55 ",0.04,"10,106,177.55","53,373.00"
IT,GARTNER INC,Information Technology,Equity,"$10,060,252.38 ",0.04,"10,060,252.38","62,802.00"
RCL,ROYAL CARIBBEAN GROUP LTD,Consumer Discretionary,Equity,"$10,028,028.78 ",0.04,"10,028,028.78","134,262.00"
MKL,MARKEL CORP,Financials,Equity,"$9,978,578.10 ",0.04,"9,978,578.10","9,657.00"
CGNX,COGNEX CORP,Information Technology,Equity,"$9,959,755.67 ",0.04,"9,959,755.67","124,055.00"
BKR,BAKER HUGHES CLASS A,Energy,Equity,"$9,932,460.45 ",0.04,"9,932,460.45","476,377.00"
GNRC,GENERAC HOLDINGS INC,Industrials,Equity,"$9,865,273.21 ",0.04,"9,865,273.21","43,381.00"
ALLY,ALLY FINANCIAL INC,Financials,Equity,"$9,843,051.50 ",0.04,"9,843,051.50","276,025.00"
J,JACOBS ENGINEERING GROUP INC,Industrials,Equity,"$9,761,072.64 ",0.04,"9,761,072.64","89,584.00"
CVNA,CARVANA CLASS A,Consumer Discretionary,Equity,"$9,759,338.68 ",0.04,"9,759,338.68","40,742.00"
AVLR,AVALARA INC,Information Technology,Equity,"$9,738,568.29 ",0.04,"9,738,568.29","59,061.00"
VICI,VICI PPTYS INC,Real Estate,Equity,"$9,689,923.50 ",0.04,"9,689,923.50","379,997.00"
MASI,MASIMO CORP,Health Care,Equity,"$9,668,121.12 ",0.04,"9,668,121.12","36,024.00"
EMN,EASTMAN CHEMICAL,Materials,Equity,"$9,642,824.52 ",0.04,"9,642,824.52","96,159.00"
PFG,PRINCIPAL FINANCIAL GROUP INC,Financials,Equity,"$9,603,206.14 ",0.04,"9,603,206.14","193,574.00"
AVY,AVERY DENNISON CORP,Materials,Equity,"$9,586,108.22 ",0.04,"9,586,108.22","61,802.00"
PKG,PACKAGING CORP OF AMERICA,Materials,Equity,"$9,526,684.89 ",0.04,"9,526,684.89","69,079.00"
CINF,CINCINNATI FINANCIAL CORP,Financials,Equity,"$9,508,826.58 ",0.04,"9,508,826.58","108,834.00"
ON,ON SEMICONDUCTOR CORP,Information Technology,Equity,"$9,498,442.38 ",0.04,"9,498,442.38","290,206.00"
BKI,BLACK KNIGHT INC,Information Technology,Equity,"$9,495,681.30 ",0.04,"9,495,681.30","107,478.00"
WAB,WESTINGHOUSE AIR BRAKE TECHNOLOGIE,Industrials,Equity,"$9,484,816.80 ",0.04,"9,484,816.80","129,574.00"
HBAN,HUNTINGTON BANCSHARES INC,Financials,Equity,"$9,429,671.67 ",0.04,"9,429,671.67","746,609.00"
OMC,OMNICOM GROUP INC,Communication,Equity,"$9,401,965.65 ",0.04,"9,401,965.65","150,745.00"
SRPT,SAREPTA THERAPEUTICS INC,Health Care,Equity,"$9,347,625.72 ",0.04,"9,347,625.72","54,828.00"
PTC,PTC INC,Information Technology,Equity,"$9,259,727.76 ",0.04,"9,259,727.76","77,416.00"
HRL,HORMEL FOODS CORP,Consumer Staples,Equity,"$9,223,000.36 ",0.04,"9,223,000.36","197,876.00"
CCK,CROWN HOLDINGS INC,Materials,Equity,"$9,221,205.60 ",0.04,"9,221,205.60","92,028.00"
ENTG,ENTEGRIS INC,Information Technology,Equity,"$9,155,639.20 ",0.04,"9,155,639.20","95,272.00"
JKHY,JACK HENRY AND ASSOCIATES INC,Information Technology,Equity,"$9,143,201.57 ",0.04,"9,143,201.57","56,443.00"
EVRG,EVERGY INC,Utilities,Equity,"$9,139,055.38 ",0.04,"9,139,055.38","164,638.00"
LNT,ALLIANT ENERGY CORP,Utilities,Equity,"$9,131,837.42 ",0.04,"9,131,837.42","177,214.00"
WPC,W. P. CAREY REIT INC,Real Estate,Equity,"$9,118,512.52 ",0.04,"9,118,512.52","129,194.00"
SJM,JM SMUCKER,Consumer Staples,Equity,"$9,027,782.00 ",0.03,"9,027,782.00","78,095.00"
CDAY,CERIDIAN HCM HOLDING INC,Information Technology,Equity,"$8,997,393.60 ",0.03,"8,997,393.60","84,435.00"
MOH,MOLINA HEALTHCARE INC,Health Care,Equity,"$8,961,909.84 ",0.03,"8,961,909.84","42,138.00"
BIO,BIO RAD LABORATORIES INC CLASS A,Health Care,Equity,"$8,931,223.74 ",0.03,"8,931,223.74","15,321.00"
UAL,UNITED AIRLINES HOLDINGS INC,Industrials,Equity,"$8,915,425.25 ",0.03,"8,915,425.25","206,137.00"
TECH,BIO TECHNE CORP,Health Care,Equity,"$8,906,642.40 ",0.03,"8,906,642.40","28,048.00"
CABO,CABLE ONE INC,Communication,Equity,"$8,879,691.92 ",0.03,"8,879,691.92","3,986.00"
QGEN,QIAGEN NV,Health Care,Equity,"$8,832,714.80 ",0.03,"8,832,714.80","167,128.00"
NUAN,NUANCE COMMUNICATIONS INC,Information Technology,Equity,"$8,810,592.88 ",0.03,"8,810,592.88","199,832.00"
LYFT,LYFT INC CLASS A,Industrials,Equity,"$8,798,740.83 ",0.03,"8,798,740.83","179,091.00"
CHRW,CH ROBINSON WORLDWIDE INC,Industrials,Equity,"$8,789,517.45 ",0.03,"8,789,517.45","93,635.00"
RJF,RAYMOND JAMES INC,Financials,Equity,"$8,764,233.03 ",0.03,"8,764,233.03","91,609.00"
FDS,FACTSET RESEARCH SYSTEMS INC,Financials,Equity,"$8,734,110.00 ",0.03,"8,734,110.00","26,268.00"
BAH,BOOZ ALLEN HAMILTON HOLDING CORP C,Information Technology,Equity,"$8,718,610.26 ",0.03,"8,718,610.26","100,007.00"
CRL,CHARLES RIVER LABORATORIES INTERNA,Health Care,Equity,"$8,678,137.52 ",0.03,"8,678,137.52","34,732.00"
IFF,INTERNATIONAL FLAVORS & FRAGRANCES,Materials,Equity,"$8,658,548.52 ",0.03,"8,658,548.52","79,553.00"
ATO,ATMOS ENERGY CORP,Utilities,Equity,"$8,632,693.23 ",0.03,"8,632,693.23","90,461.00"
NDSN,NORDSON CORP,Industrials,Equity,"$8,584,383.05 ",0.03,"8,584,383.05","42,719.00"
FBHS,FORTUNE BRANDS HOME AND SECURITY I,Industrials,Equity,"$8,584,343.68 ",0.03,"8,584,343.68","100,144.00"
CREE,CREE INC,Information Technology,Equity,"$8,577,158.70 ",0.03,"8,577,158.70","80,993.00"
LW,LAMB WESTON HOLDINGS INC,Consumer Staples,Equity,"$8,553,211.24 ",0.03,"8,553,211.24","108,626.00"
NLOK,NORTONLIFELOCK INC,Information Technology,Equity,"$8,447,485.60 ",0.03,"8,447,485.60","406,520.00"
GGG,GRACO INC,Industrials,Equity,"$8,441,725.65 ",0.03,"8,441,725.65","116,679.00"
NLY,ANNALY CAPITAL MANAGEMENT REIT INC,Financials,Equity,"$8,431,072.00 ",0.03,"8,431,072.00","997,760.00"
HAS,HASBRO INC,Consumer Discretionary,Equity,"$8,420,844.96 ",0.03,"8,420,844.96","90,024.00"
MPW,MEDICAL PROPERTIES TRUST REIT INC,Real Estate,Equity,"$8,401,199.87 ",0.03,"8,401,199.87","385,553.00"
PHM,PULTEGROUP INC,Consumer Discretionary,Equity,"$8,384,382.16 ",0.03,"8,384,382.16","194,443.00"
VMW,VMWARE CLASS A INC,Information Technology,Equity,"$8,384,742.80 ",0.03,"8,384,742.80","59,780.00"
UDR,UDR REIT INC,Real Estate,Equity,"$8,359,024.59 ",0.03,"8,359,024.59","217,513.00"
JBHT,JB HUNT TRANSPORT SERVICES INC,Industrials,Equity,"$8,332,643.70 ",0.03,"8,332,643.70","60,978.00"
XRAY,DENTSPLY SIRONA INC,Health Care,Equity,"$8,324,454.60 ",0.03,"8,324,454.60","158,985.00"
HWM,HOWMET AEROSPACE INC,Industrials,Equity,"$8,317,012.64 ",0.03,"8,317,012.64","291,416.00"
RPM,RPM INTERNATIONAL INC,Materials,Equity,"$8,289,121.80 ",0.03,"8,289,121.80","91,310.00"
CXO,CONCHO RESOURCES INC,Energy,Equity,"$8,280,856.95 ",0.03,"8,280,856.95","141,917.00"
MTN,VAIL RESORTS INC,Consumer Discretionary,Equity,"$8,252,473.68 ",0.03,"8,252,473.68","29,583.00"
WHR,WHIRLPOOL CORP,Consumer Discretionary,Equity,"$8,198,577.76 ",0.03,"8,198,577.76","45,424.00"
WYNN,WYNN RESORTS LTD,Consumer Discretionary,Equity,"$8,111,574.36 ",0.03,"8,111,574.36","71,892.00"
CNP,CENTERPOINT ENERGY INC,Utilities,Equity,"$8,084,054.80 ",0.03,"8,084,054.80","373,570.00"
ATUS,ALTICE USA INC CLASS A,Communication,Equity,"$8,041,353.67 ",0.03,"8,041,353.67","212,341.00"
BRO,BROWN & BROWN INC,Financials,Equity,"$7,978,486.67 ",0.03,"7,978,486.67","168,287.00"
CHGG,CHEGG INC,Consumer Discretionary,Equity,"$7,952,562.87 ",0.03,"7,952,562.87","88,039.00"
GWRE,GUIDEWIRE SOFTWARE INC,Information Technology,Equity,"$7,941,096.24 ",0.03,"7,941,096.24","61,688.00"
WRK,WESTROCK,Materials,Equity,"$7,936,911.96 ",0.03,"7,936,911.96","182,332.00"
XPO,XPO LOGISTICS INC,Industrials,Equity,"$7,862,908.80 ",0.03,"7,862,908.80","65,964.00"
TXT,TEXTRON INC,Industrials,Equity,"$7,858,458.00 ",0.03,"7,858,458.00","162,600.00"
FIVN,FIVE9 INC,Information Technology,Equity,"$7,817,654.40 ",0.03,"7,817,654.40","44,826.00"
FNF,FIDELITY NATIONAL FINANCIAL INC,Financials,Equity,"$7,791,418.80 ",0.03,"7,791,418.80","199,320.00"
ELS,EQUITY LIFESTYLE PROPERTIES REIT I,Real Estate,Equity,"$7,768,316.16 ",0.03,"7,768,316.16","122,606.00"
LKQ,LKQ CORP,Consumer Discretionary,Equity,"$7,740,325.04 ",0.03,"7,740,325.04","219,646.00"
WTRG,ESSENTIAL UTILITIES INC,Utilities,Equity,"$7,688,881.10 ",0.03,"7,688,881.10","162,590.00"
GH,GUARDANT HEALTH INC,Health Care,Equity,"$7,685,758.80 ",0.03,"7,685,758.80","59,635.00"
CCL,CARNIVAL CORP,Consumer Discretionary,Equity,"$7,666,448.70 ",0.03,"7,666,448.70","353,945.00"
FFIV,F5 NETWORKS INC,Information Technology,Equity,"$7,627,526.82 ",0.03,"7,627,526.82","43,353.00"
LUMN,LUMEN TECHNOLOGIES INC,Communication,Equity,"$7,607,993.25 ",0.03,"7,607,993.25","780,307.00"
ALLE,ALLEGION PLC,Industrials,Equity,"$7,605,316.62 ",0.03,"7,605,316.62","65,349.00"
L,LOEWS CORP,Financials,Equity,"$7,584,789.52 ",0.03,"7,584,789.52","168,476.00"
LYV,LIVE NATION ENTERTAINMENT INC,Communication,Equity,"$7,580,343.76 ",0.03,"7,580,343.76","103,162.00"
HST,HOST HOTELS & RESORTS REIT INC,Real Estate,Equity,"$7,437,233.65 ",0.03,"7,437,233.65","508,355.00"
UHS,UNIVERSAL HEALTH SERVICES INC CLAS,Health Care,Equity,"$7,361,750.00 ",0.03,"7,361,750.00","53,540.00"
AAP,ADVANCE AUTO PARTS INC,Consumer Discretionary,Equity,"$7,329,727.85 ",0.03,"7,329,727.85","46,535.00"
BFAM,BRIGHT HORIZONS FAMILY SOLUTIONS I,Consumer Discretionary,Equity,"$7,291,182.52 ",0.03,"7,291,182.52","42,148.00"
RGEN,REPLIGEN CORP,Health Care,Equity,"$7,267,567.75 ",0.03,"7,267,567.75","37,925.00"
BILL,BILL COM HOLDINGS INC,Information Technology,Equity,"$7,239,687.00 ",0.03,"7,239,687.00","53,038.00"
TTC,TORO,Industrials,Equity,"$7,222,540.20 ",0.03,"7,222,540.20","76,155.00"
EQH,EQUITABLE HOLDINGS INC,Financials,Equity,"$7,221,881.85 ",0.03,"7,221,881.85","282,215.00"
ESTC,ELASTIC NV,Information Technology,Equity,"$7,212,246.15 ",0.03,"7,212,246.15","49,355.00"
PWR,QUANTA SERVICES INC,Industrials,Equity,"$7,157,851.74 ",0.03,"7,157,851.74","99,387.00"
OLED,UNIVERSAL DISPLAY CORP,Information Technology,Equity,"$7,153,214.40 ",0.03,"7,153,214.40","31,128.00"
CBOE,CBOE GLOBAL MARKETS INC,Financials,Equity,"$7,140,162.24 ",0.03,"7,140,162.24","76,677.00"
HSIC,HENRY SCHEIN INC,Health Care,Equity,"$7,116,043.52 ",0.03,"7,116,043.52","106,432.00"
PLAN,ANAPLAN INC,Information Technology,Equity,"$7,069,321.50 ",0.03,"7,069,321.50","98,390.00"
LNC,LINCOLN NATIONAL CORP,Financials,Equity,"$7,047,273.87 ",0.03,"7,047,273.87","140,077.00"
TREX,TREX INC,Industrials,Equity,"$7,044,033.36 ",0.03,"7,044,033.36","84,138.00"
FOXA,FOX CORP CLASS A,Communication,Equity,"$7,032,072.32 ",0.03,"7,032,072.32","241,486.00"
AMED,AMEDISYS INC,Health Care,Equity,"$7,024,373.51 ",0.03,"7,024,373.51","23,947.00"
CPT,CAMDEN PROPERTY TRUST REIT,Real Estate,Equity,"$7,012,485.52 ",0.03,"7,012,485.52","70,181.00"
BWA,BORGWARNER INC,Consumer Discretionary,Equity,"$7,012,309.92 ",0.03,"7,012,309.92","181,478.00"
VST,VISTRA CORP,Utilities,Equity,"$6,975,269.70 ",0.03,"6,975,269.70","354,795.00"
GL,GLOBE LIFE INC,Financials,Equity,"$6,957,339.36 ",0.03,"6,957,339.36","73,266.00"
FIVE,FIVE BELOW INC,Consumer Discretionary,Equity,"$6,937,257.08 ",0.03,"6,937,257.08","39,646.00"
LEA,LEAR CORP,Consumer Discretionary,Equity,"$6,925,279.41 ",0.03,"6,925,279.41","43,547.00"
CPB,CAMPBELL SOUP,Consumer Staples,Equity,"$6,843,410.65 ",0.03,"6,843,410.65","141,539.00"
IPG,INTERPUBLIC GROUP OF COMPANIES INC,Communication,Equity,"$6,775,829.76 ",0.03,"6,775,829.76","288,088.00"
GLPI,GAMING AND LEISURE PROPERTIES REIT,Real Estate,Equity,"$6,745,924.80 ",0.03,"6,745,924.80","159,102.00"
WRB,WR BERKLEY CORP,Financials,Equity,"$6,727,947.48 ",0.03,"6,727,947.48","101,294.00"
RE,EVEREST RE GROUP LTD,Financials,Equity,"$6,700,592.16 ",0.03,"6,700,592.16","28,624.00"
BG,BUNGE LTD,Consumer Staples,Equity,"$6,688,110.72 ",0.03,"6,688,110.72","101,984.00"
DOX,AMDOCS LTD,Information Technology,Equity,"$6,651,318.89 ",0.03,"6,651,318.89","93,773.00"
LII,LENNOX INTERNATIONAL INC,Industrials,Equity,"$6,642,676.62 ",0.03,"6,642,676.62","24,246.00"
NRG,NRG ENERGY INC,Utilities,Equity,"$6,642,407.25 ",0.03,"6,642,407.25","176,895.00"
DVA,DAVITA INC,Health Care,Equity,"$6,578,156.80 ",0.03,"6,578,156.80","56,032.00"
WU,WESTERN UNION,Information Technology,Equity,"$6,541,915.62 ",0.03,"6,541,915.62","298,173.00"
JAZZ,JAZZ PHARMACEUTICALS PLC,Health Care,Equity,"$6,490,756.30 ",0.03,"6,490,756.30","39,326.00"
HEIA,HEICO CORP CLASS A,Industrials,Equity,"$6,487,231.08 ",0.03,"6,487,231.08","55,418.00"
SNA,SNAP ON INC,Industrials,Equity,"$6,466,524.90 ",0.02,"6,466,524.90","37,785.00"
FSLR,FIRST SOLAR INC,Information Technology,Equity,"$6,408,433.28 ",0.02,"6,408,433.28","64,784.00"
CONE,CYRUSONE REIT INC,Real Estate,Equity,"$6,408,232.60 ",0.02,"6,408,232.60","87,604.00"
ARMK,ARAMARK,Consumer Discretionary,Equity,"$6,386,063.84 ",0.02,"6,386,063.84","165,958.00"
WEX,WEX INC,Information Technology,Equity,"$6,361,940.74 ",0.02,"6,361,940.74","31,258.00"
PNR,PENTAIR,Industrials,Equity,"$6,357,739.86 ",0.02,"6,357,739.86","119,754.00"
IAA,IAA INC,Industrials,Equity,"$6,327,427.50 ",0.02,"6,327,427.50","97,375.00"
HUBB,HUBBELL INC,Industrials,Equity,"$6,318,950.58 ",0.02,"6,318,950.58","40,302.00"
PNW,PINNACLE WEST CORP,Utilities,Equity,"$6,298,381.05 ",0.02,"6,298,381.05","78,779.00"
FWONK,LIBERTY MEDIA FORMULA ONE CORP SER,Communication,Equity,"$6,279,836.40 ",0.02,"6,279,836.40","147,414.00"
SAM,BOSTON BEER INC CLASS A,Consumer Staples,Equity,"$6,262,038.42 ",0.02,"6,262,038.42","6,298.00"
GNTX,GENTEX CORP,Consumer Discretionary,Equity,"$6,248,955.96 ",0.02,"6,248,955.96","184,172.00"
TPR,TAPESTRY INC,Consumer Discretionary,Equity,"$6,233,218.32 ",0.02,"6,233,218.32","200,554.00"
AAL,AMERICAN AIRLINES GROUP INC,Industrials,Equity,"$6,219,262.21 ",0.02,"6,219,262.21","394,373.00"
NBIX,NEUROCRINE BIOSCIENCES INC,Health Care,Equity,"$6,217,214.40 ",0.02,"6,217,214.40","64,864.00"
LB,L BRANDS INC,Consumer Discretionary,Equity,"$6,187,374.68 ",0.02,"6,187,374.68","166,372.00"
MHK,MOHAWK INDUSTRIES INC,Consumer Discretionary,Equity,"$6,181,926.05 ",0.02,"6,181,926.05","43,859.00"
NI,NISOURCE INC,Utilities,Equity,"$6,178,086.10 ",0.02,"6,178,086.10","269,315.00"
AZPN,ASPEN TECHNOLOGY INC,Information Technology,Equity,"$6,167,858.50 ",0.02,"6,167,858.50","47,354.00"
ATR,APTARGROUP INC,Materials,Equity,"$6,141,980.52 ",0.02,"6,141,980.52","44,868.00"
NYT,NEW YORK TIMES CLASS A,Communication,Equity,"$6,129,464.46 ",0.02,"6,129,464.46","118,398.00"
ST,SENSATA TECHNOLOGIES HOLDING PLC,Industrials,Equity,"$6,116,890.68 ",0.02,"6,116,890.68","115,982.00"
ZNGA,ZYNGA INC CLASS A,Communication,Equity,"$6,115,866.54 ",0.02,"6,115,866.54","619,642.00"
ROL,ROLLINS INC,Industrials,Equity,"$6,109,649.39 ",0.02,"6,109,649.39","156,377.00"
FND,FLOOR DECOR HOLDINGS INC CLASS A,Consumer Discretionary,Equity,"$6,104,330.40 ",0.02,"6,104,330.40","65,744.00"
LPLA,LPL FINANCIAL HOLDINGS INC,Financials,Equity,"$6,097,703.76 ",0.02,"6,097,703.76","58,508.00"
MKSI,MKS INSTRUMENTS INC,Information Technology,Equity,"$6,094,579.05 ",0.02,"6,094,579.05","40,509.00"
GLOB,GLOBANT SA,Information Technology,Equity,"$6,088,727.80 ",0.02,"6,088,727.80","27,980.00"
APO,APOLLO GLOBAL MANAGEMENT INC CLASS,Financials,Equity,"$6,074,303.68 ",0.02,"6,074,303.68","124,016.00"
NWL,NEWELL BRANDS INC,Consumer Discretionary,Equity,"$6,065,495.92 ",0.02,"6,065,495.92","285,704.00"
EHC,ENCOMPASS HEALTH CORP,Health Care,Equity,"$6,060,102.03 ",0.02,"6,060,102.03","73,287.00"
CIEN,CIENA CORP,Information Technology,Equity,"$6,038,799.55 ",0.02,"6,038,799.55","114,263.00"
AGNC,AGNC INVESTMENT REIT CORP,Financials,Equity,"$6,035,608.80 ",0.02,"6,035,608.80","386,898.00"
STOR,STORE CAPITAL CORP,Real Estate,Equity,"$6,032,469.40 ",0.02,"6,032,469.40","177,530.00"
VER,VEREIT INC,Real Estate,Equity,"$6,027,996.27 ",0.02,"6,027,996.27","159,513.00"
NET,CLOUDFLARE INC CLASS A,Information Technology,Equity,"$6,028,362.69 ",0.02,"6,028,362.69","79,331.00"
CF,CF INDUSTRIES HOLDINGS INC,Materials,Equity,"$6,008,101.68 ",0.02,"6,008,101.68","155,208.00"
TAP,MOLSON COORS BREWING CLASS B,Consumer Staples,Equity,"$5,999,876.30 ",0.02,"5,999,876.30","132,770.00"
SCI,SERVICE,Consumer Discretionary,Equity,"$5,953,129.50 ",0.02,"5,953,129.50","121,245.00"
IPGP,IPG PHOTONICS CORP,Information Technology,Equity,"$5,938,267.65 ",0.02,"5,938,267.65","26,535.00"
AMH,AMERICAN HOMES RENT REIT CLASS A,Real Estate,Equity,"$5,934,510.00 ",0.02,"5,934,510.00","197,817.00"
IRM,IRON MOUNTAIN INC,Real Estate,Equity,"$5,930,933.80 ",0.02,"5,930,933.80","201,185.00"
ZG,ZILLOW GROUP INC CLASS A,Communication,Equity,"$5,920,866.70 ",0.02,"5,920,866.70","43,555.00"
PRAH,PRA HEALTH SCIENCES INC,Health Care,Equity,"$5,913,994.24 ",0.02,"5,913,994.24","47,146.00"
DISCK,DISCOVERY INC SERIES C,Communication,Equity,"$5,893,614.27 ",0.02,"5,893,614.27","225,033.00"
RGA,REINSURANCE GROUP OF AMERICA INC,Financials,Equity,"$5,884,011.20 ",0.02,"5,884,011.20","50,768.00"
RNR,RENAISSANCERE HOLDING LTD,Financials,Equity,"$5,878,319.00 ",0.02,"5,878,319.00","35,450.00"
Y,ALLEGHANY CORP,Financials,Equity,"$5,874,507.39 ",0.02,"5,874,507.39","9,731.00"
SMG,SCOTTS MIRACLE GRO,Materials,Equity,"$5,853,122.88 ",0.02,"5,853,122.88","29,392.00"
CHE,CHEMED CORP,Health Care,Equity,"$5,831,014.28 ",0.02,"5,831,014.28","10,948.00"
G,GENPACT LTD,Information Technology,Equity,"$5,830,932.80 ",0.02,"5,830,932.80","140,980.00"
NCLH,NORWEGIAN CRUISE LINE HOLDINGS LTD,Consumer Discretionary,Equity,"$5,827,538.80 ",0.02,"5,827,538.80","229,160.00"
CMA,COMERICA INC,Financials,Equity,"$5,822,567.10 ",0.02,"5,822,567.10","104,235.00"
SMAR,SMARTSHEET INC CLASS A,Information Technology,Equity,"$5,807,679.93 ",0.02,"5,807,679.93","83,817.00"
CSL,CARLISLE COMPANIES INC,Industrials,Equity,"$5,799,744.30 ",0.02,"5,799,744.30","37,135.00"
AAXN,AXON ENTERPRISE INC,Industrials,Equity,"$5,781,455.52 ",0.02,"5,781,455.52","47,184.00"
OHI,OMEGA HEALTHCARE INVESTORS REIT IN,Real Estate,Equity,"$5,782,543.52 ",0.02,"5,782,543.52","159,211.00"
DISH,DISH NETWORK CORP CLASS A,Communication,Equity,"$5,778,866.94 ",0.02,"5,778,866.94","178,691.00"
ACM,AECOM,Industrials,Equity,"$5,744,910.68 ",0.02,"5,744,910.68","115,406.00"
PCTY,PAYLOCITY HOLDING CORP,Information Technology,Equity,"$5,710,707.94 ",0.02,"5,710,707.94","27,734.00"
COLD,AMERICOLD REALTY TRUST,Real Estate,Equity,"$5,700,888.28 ",0.02,"5,700,888.28","152,716.00"
TXG,10X GENOMICS INC CLASS A,Health Care,Equity,"$5,687,222.40 ",0.02,"5,687,222.40","40,164.00"
FANG,DIAMONDBACK ENERGY INC,Energy,Equity,"$5,664,687.60 ",0.02,"5,664,687.60","117,039.00"
JLL,JONES LANG LASALLE INC,Real Estate,Equity,"$5,650,374.71 ",0.02,"5,650,374.71","38,083.00"
OC,OWENS CORNING,Industrials,Equity,"$5,649,953.52 ",0.02,"5,649,953.52","74,577.00"
AIZ,ASSURANT INC,Financials,Equity,"$5,623,706.48 ",0.02,"5,623,706.48","41,284.00"
JNPR,JUNIPER NETWORKS INC,Information Technology,Equity,"$5,614,669.30 ",0.02,"5,614,669.30","249,430.00"
LSXMK,LIBERTY MEDIA LIBERTY SIRIUSXM COR,Communication,Equity,"$5,607,916.88 ",0.02,"5,607,916.88","128,888.00"
WSO,WATSCO INC,Industrials,Equity,"$5,600,542.55 ",0.02,"5,600,542.55","24,721.00"
NLSN,NIELSEN HOLDINGS PLC,Industrials,Equity,"$5,597,647.05 ",0.02,"5,597,647.05","268,215.00"
IPHI,INPHI CORP,Information Technology,Equity,"$5,581,948.95 ",0.02,"5,581,948.95","34,785.00"
RP,REALPAGE INC,Information Technology,Equity,"$5,569,314.36 ",0.02,"5,569,314.36","63,839.00"
BERY,BERRY GLOBAL GROUP INC,Materials,Equity,"$5,567,586.15 ",0.02,"5,567,586.15","99,085.00"
MOS,MOSAIC,Materials,Equity,"$5,552,727.18 ",0.02,"5,552,727.18","241,318.00"
RS,RELIANCE STEEL & ALUMINUM,Materials,Equity,"$5,520,115.75 ",0.02,"5,520,115.75","46,097.00"
DT,DYNATRACE INC,Information Technology,Equity,"$5,511,775.87 ",0.02,"5,511,775.87","127,381.00"
USFD,US FOODS HOLDING CORP,Consumer Staples,Equity,"$5,483,125.79 ",0.02,"5,483,125.79","164,609.00"
UGI,UGI CORP,Utilities,Equity,"$5,479,490.56 ",0.02,"5,479,490.56","156,736.00"
WSM,WILLIAMS SONOMA INC,Consumer Discretionary,Equity,"$5,477,668.08 ",0.02,"5,477,668.08","53,787.00"
REG,REGENCY CENTERS REIT CORP,Real Estate,Equity,"$5,447,366.74 ",0.02,"5,447,366.74","119,486.00"
LAMR,LAMAR ADVERTISING COMPANY CLAS,Real Estate,Equity,"$5,397,066.66 ",0.02,"5,397,066.66","64,853.00"
PFPT,PROOFPOINT INC,Information Technology,Equity,"$5,395,833.96 ",0.02,"5,395,833.96","39,556.00"
EEFT,EURONET WORLDWIDE INC,Information Technology,Equity,"$5,385,082.28 ",0.02,"5,385,082.28","37,159.00"
VOYA,VOYA FINANCIAL INC,Financials,Equity,"$5,375,586.86 ",0.02,"5,375,586.86","91,406.00"
NNN,NATIONAL RETAIL PROPERTIES REIT IN,Real Estate,Equity,"$5,373,041.52 ",0.02,"5,373,041.52","131,306.00"
DCI,DONALDSON INC,Industrials,Equity,"$5,329,387.36 ",0.02,"5,329,387.36","95,372.00"
SBNY,SIGNATURE BANK,Financials,Equity,"$5,325,420.27 ",0.02,"5,325,420.27","39,363.00"
EV,EATON VANCE COM NON VOTING CORP,Financials,Equity,"$5,311,922.21 ",0.02,"5,311,922.21","78,197.00"
MIDD,MIDDLEBY CORP,Industrials,Equity,"$5,294,744.40 ",0.02,"5,294,744.40","41,070.00"
ZION,ZIONS BANCORPORATION,Financials,Equity,"$5,275,874.88 ",0.02,"5,275,874.88","121,452.00"
RHI,ROBERT HALF,Industrials,Equity,"$5,219,204.32 ",0.02,"5,219,204.32","83,534.00"
SIRI,SIRIUS XM HOLDINGS INC,Communication,Equity,"$5,207,124.65 ",0.02,"5,207,124.65","817,445.00"
STLD,STEEL DYNAMICS INC,Materials,Equity,"$5,199,849.84 ",0.02,"5,199,849.84","141,032.00"
IONS,IONIS PHARMACEUTICALS INC,Health Care,Equity,"$5,196,365.24 ",0.02,"5,196,365.24","91,906.00"
EWBC,EAST WEST BANCORP INC,Financials,Equity,"$5,197,521.45 ",0.02,"5,197,521.45","102,495.00"
NWSA,NEWS CORP CLASS A,Communication,Equity,"$5,189,125.02 ",0.02,"5,189,125.02","288,766.00"
GRUB,GRUBHUB INC,Consumer Discretionary,Equity,"$5,174,910.79 ",0.02,"5,174,910.79","69,677.00"
ARW,ARROW ELECTRONICS INC,Information Technology,Equity,"$5,168,381.40 ",0.02,"5,168,381.40","53,118.00"
LITE,LUMENTUM HOLDINGS INC,Information Technology,Equity,"$5,158,921.20 ",0.02,"5,158,921.20","54,419.00"
AOS,A O SMITH CORP,Industrials,Equity,"$5,150,339.00 ",0.02,"5,150,339.00","93,950.00"
BEN,FRANKLIN RESOURCES INC,Financials,Equity,"$5,103,532.77 ",0.02,"5,103,532.77","204,223.00"
RGLD,ROYAL GOLD INC,Materials,Equity,"$5,076,775.52 ",0.02,"5,076,775.52","47,732.00"
HII,HUNTINGTON INGALLS INDUSTRIES INC,Industrials,Equity,"$5,064,449.36 ",0.02,"5,064,449.36","29,707.00"
WWD,WOODWARD INC,Industrials,Equity,"$5,060,387.67 ",0.02,"5,060,387.67","41,639.00"
FHN,FIRST HORIZON CORP,Financials,Equity,"$5,057,158.04 ",0.02,"5,057,158.04","396,329.00"
ITT,ITT INC,Industrials,Equity,"$5,033,102.96 ",0.02,"5,033,102.96","65,348.00"
SEE,SEALED AIR CORP,Materials,Equity,"$5,024,353.54 ",0.02,"5,024,353.54","109,726.00"
FSLY,FASTLY INC CLASS A,Information Technology,Equity,"$5,006,999.96 ",0.02,"5,006,999.96","57,308.00"
LECO,LINCOLN ELECTRIC HOLDINGS INC,Industrials,Equity,"$4,976,546.25 ",0.02,"4,976,546.25","42,809.00"
UTHR,UNITED THERAPEUTICS CORP,Health Care,Equity,"$4,942,434.19 ",0.02,"4,942,434.19","32,561.00"
HRC,HILL ROM HOLDINGS INC,Health Care,Equity,"$4,929,458.52 ",0.02,"4,929,458.52","50,316.00"
PVH,PVH CORP,Consumer Discretionary,Equity,"$4,927,065.53 ",0.02,"4,927,065.53","52,477.00"
IVZ,INVESCO LTD,Financials,Equity,"$4,921,900.83 ",0.02,"4,921,900.83","282,381.00"
BYND,BEYOND MEAT INC,Consumer Staples,Equity,"$4,915,750.00 ",0.02,"4,915,750.00","39,326.00"
XLRN,ACCELERON PHARMA INC,Health Care,Equity,"$4,901,381.40 ",0.02,"4,901,381.40","38,310.00"
CBSH,COMMERCE BANCSHARES INC,Financials,Equity,"$4,873,428.90 ",0.02,"4,873,428.90","74,177.00"
COG,CABOT OIL & GAS CORP,Energy,Equity,"$4,838,823.00 ",0.02,"4,838,823.00","297,225.00"
IOVA,IOVANCE BIOTHERAPEUTICS INC,Health Care,Equity,"$4,820,960.00 ",0.02,"4,820,960.00","103,900.00"
AGCO,AGCO CORP,Industrials,Equity,"$4,797,086.97 ",0.02,"4,797,086.97","46,533.00"
KRC,KILROY REALTY REIT CORP,Real Estate,Equity,"$4,795,655.20 ",0.02,"4,795,655.20","83,548.00"
FRT,FEDERAL REALTY INVESTMENT TRUST RE,Real Estate,Equity,"$4,787,574.40 ",0.02,"4,787,574.40","56,245.00"
OGE,OGE ENERGY CORP,Utilities,Equity,"$4,781,835.54 ",0.02,"4,781,835.54","150,089.00"
JBL,JABIL INC,Information Technology,Equity,"$4,780,669.71 ",0.02,"4,780,669.71","112,407.00"
SRCL,STERICYCLE INC,Industrials,Equity,"$4,780,511.49 ",0.02,"4,780,511.49","68,953.00"
CASY,CASEYS GENERAL STORES INC,Consumer Staples,Equity,"$4,770,582.96 ",0.02,"4,770,582.96","26,708.00"
AYX,ALTERYX INC CLASS A,Information Technology,Equity,"$4,761,745.42 ",0.02,"4,761,745.42","39,098.00"
ALK,ALASKA AIR GROUP INC,Industrials,Equity,"$4,743,336.00 ",0.02,"4,743,336.00","91,218.00"
DXC,DXC TECHNOLOGY,Information Technology,Equity,"$4,737,073.00 ",0.02,"4,737,073.00","183,964.00"
TMX,TERMINIX GLOBAL HOLDINGS INC,Consumer Discretionary,Equity,"$4,689,961.42 ",0.02,"4,689,961.42","91,942.00"
CACI,CACI INTERNATIONAL INC CLASS A,Information Technology,Equity,"$4,682,417.40 ",0.02,"4,682,417.40","18,780.00"
POST,POST HOLDINGS INC,Consumer Staples,Equity,"$4,679,389.26 ",0.02,"4,679,389.26","46,326.00"
ERIE,ERIE INDEMNITY CLASS A,Financials,Equity,"$4,667,873.60 ",0.02,"4,667,873.60","19,006.00"
QDEL,QUIDEL CORP,Health Care,Equity,"$4,641,617.05 ",0.02,"4,641,617.05","25,837.00"
PLNT,PLANET FITNESS INC CLASS A,Consumer Discretionary,Equity,"$4,642,584.52 ",0.02,"4,642,584.52","59,804.00"
PB,PROSPERITY BANCSHARES INC,Financials,Equity,"$4,621,179.36 ",0.02,"4,621,179.36","66,626.00"
MANH,MANHATTAN ASSOCIATES INC,Information Technology,Equity,"$4,618,979.70 ",0.02,"4,618,979.70","43,915.00"
VNO,VORNADO REALTY TRUST REIT,Real Estate,Equity,"$4,604,171.36 ",0.02,"4,604,171.36","123,304.00"
DLB,DOLBY LABORATORIES INC CLASS A,Information Technology,Equity,"$4,599,008.37 ",0.02,"4,599,008.37","47,349.00"
CPRI,CAPRI HOLDINGS LTD,Consumer Discretionary,Equity,"$4,563,594.00 ",0.02,"4,563,594.00","108,657.00"
SEIC,SEI INVESTMENTS,Financials,Equity,"$4,563,807.64 ",0.02,"4,563,807.64","79,412.00"
LFUS,LITTELFUSE INC,Information Technology,Equity,"$4,503,152.78 ",0.02,"4,503,152.78","17,683.00"
ACAD,ACADIA PHARMACEUTICALS INC,Health Care,Equity,"$4,505,020.74 ",0.02,"4,505,020.74","84,269.00"
CUBE,CUBESMART REIT,Real Estate,Equity,"$4,498,396.01 ",0.02,"4,498,396.01","133,841.00"
NTNX,NUTANIX INC CLASS A,Information Technology,Equity,"$4,493,096.34 ",0.02,"4,493,096.34","140,982.00"
HEI,HEICO CORP,Industrials,Equity,"$4,490,346.00 ",0.02,"4,490,346.00","33,915.00"
CDK,CDK GLOBAL INC,Information Technology,Equity,"$4,447,791.45 ",0.02,"4,447,791.45","85,815.00"
PRGO,PERRIGO PLC,Health Care,Equity,"$4,440,293.52 ",0.02,"4,440,293.52","99,291.00"
KSS,KOHLS CORP,Consumer Discretionary,Equity,"$4,439,767.28 ",0.02,"4,439,767.28","109,112.00"
LEG,LEGGETT & PLATT INC,Consumer Discretionary,Equity,"$4,435,847.60 ",0.02,"4,435,847.60","100,132.00"
REXR,REXFORD INDUSTRIAL REALTY REIT INC,Real Estate,Equity,"$4,420,636.65 ",0.02,"4,420,636.65","90,015.00"
WAL,WESTERN ALLIANCE,Financials,Equity,"$4,412,320.00 ",0.02,"4,412,320.00","73,600.00"
BC,BRUNSWICK CORP,Consumer Discretionary,Equity,"$4,373,355.12 ",0.02,"4,373,355.12","57,363.00"
HTA,HEALTHCARE TRUST OF AMERICA REIT I,Real Estate,Equity,"$4,365,861.12 ",0.02,"4,365,861.12","158,528.00"
TNDM,TANDEM DIABETES CARE INC,Health Care,Equity,"$4,353,440.00 ",0.02,"4,353,440.00","45,500.00"
AFG,AMERICAN FINANCIAL GROUP INC,Financials,Equity,"$4,350,157.76 ",0.02,"4,350,157.76","49,648.00"
KIM,KIMCO REALTY REIT CORP,Real Estate,Equity,"$4,348,502.07 ",0.02,"4,348,502.07","289,707.00"
TRGP,TARGA RESOURCES CORP,Energy,Equity,"$4,346,790.88 ",0.02,"4,346,790.88","164,776.00"
AIRC,APARTMENT INCOME REIT CORP,Real Estate,Equity,"$4,339,292.93 ",0.02,"4,339,292.93","112,973.00"
BWXT,BWX TECHNOLOGIES INC,Industrials,Equity,"$4,330,515.20 ",0.02,"4,330,515.20","71,840.00"
LSI,LIFE STORAGE INC,Real Estate,Equity,"$4,306,039.13 ",0.02,"4,306,039.13","36,067.00"
HAE,HAEMONETICS CORP,Health Care,Equity,"$4,298,393.75 ",0.02,"4,298,393.75","36,197.00"
NATI,NATIONAL INSTRUMENTS CORP,Information Technology,Equity,"$4,289,950.08 ",0.02,"4,289,950.08","97,632.00"
EXEL,EXELIXIS INC,Health Care,Equity,"$4,262,948.28 ",0.02,"4,262,948.28","212,404.00"
ACC,AMERICAN CAMPUS COMMUNITIES REIT I,Real Estate,Equity,"$4,264,169.00 ",0.02,"4,264,169.00","99,700.00"
HOG,HARLEY DAVIDSON INC,Consumer Discretionary,Equity,"$4,247,841.50 ",0.02,"4,247,841.50","115,745.00"
DVN,DEVON ENERGY CORP,Energy,Equity,"$4,244,795.28 ",0.02,"4,244,795.28","268,488.00"
AXTA,AXALTA COATING SYSTEMS LTD,Materials,Equity,"$4,241,245.25 ",0.02,"4,241,245.25","148,555.00"
FAF,FIRST AMERICAN FINANCIAL CORP,Financials,Equity,"$4,216,157.43 ",0.02,"4,216,157.43","81,661.00"
TCF,TCF FINANCIAL CORP,Financials,Equity,"$4,204,879.68 ",0.02,"4,204,879.68","113,584.00"
CLGX,CORELOGIC INC,Industrials,Equity,"$4,191,749.16 ",0.02,"4,191,749.16","54,213.00"
ORI,OLD REPUBLIC INTERNATIONAL CORP,Financials,Equity,"$4,188,473.55 ",0.02,"4,188,473.55","212,505.00"
PII,POLARIS INDUSTRIES INC,Consumer Discretionary,Equity,"$4,184,602.32 ",0.02,"4,184,602.32","43,919.00"
PBCT,PEOPLES UNITED FINANCIAL INC,Financials,Equity,"$4,163,110.89 ",0.02,"4,163,110.89","321,973.00"
FLIR,FLIR SYSTEMS INC,Information Technology,Equity,"$4,155,566.13 ",0.02,"4,155,566.13","94,811.00"
SON,SONOCO PRODUCTS,Materials,Equity,"$4,132,569.00 ",0.02,"4,132,569.00","69,748.00"
MAT,MATTEL INC,Consumer Discretionary,Equity,"$4,127,972.00 ",0.02,"4,127,972.00","236,560.00"
FR,FIRST INDUSTRIAL REALTY TRUST INC,Real Estate,Equity,"$4,118,839.45 ",0.02,"4,118,839.45","97,765.00"
OSK,OSHKOSH CORP,Industrials,Equity,"$4,090,993.17 ",0.02,"4,090,993.17","47,531.00"
SCCO,SOUTHERN COPPER CORP,Materials,Equity,"$4,043,952.00 ",0.02,"4,043,952.00","62,100.00"
RPRX,ROYALTY PHARMA PLC CLASS A,Health Care,Equity,"$4,036,982.95 ",0.02,"4,036,982.95","80,659.00"
INGR,INGREDION INC,Consumer Staples,Equity,"$4,020,745.03 ",0.02,"4,020,745.03","51,109.00"
PEN,PENUMBRA INC,Health Care,Equity,"$4,011,700.00 ",0.02,"4,011,700.00","22,924.00"
SAIC,SCIENCE APPLICATIONS INTERNATIONAL,Information Technology,Equity,"$3,994,375.84 ",0.02,"3,994,375.84","42,206.00"
EVBG,EVERBRIDGE INC,Information Technology,Equity,"$3,988,665.99 ",0.02,"3,988,665.99","26,757.00"
PPD,PPD INC,Health Care,Equity,"$3,985,706.06 ",0.02,"3,985,706.06","116,473.00"
NOV,NOV INC,Energy,Equity,"$3,982,180.55 ",0.02,"3,982,180.55","290,035.00"
TW,TRADEWEB MARKETS INC CLASS A,Financials,Equity,"$3,970,571.00 ",0.02,"3,970,571.00","63,580.00"
DBX,DROPBOX INC CLASS A,Information Technology,Equity,"$3,960,116.16 ",0.02,"3,960,116.16","178,464.00"
MSA,MSA SAFETY INC,Industrials,Equity,"$3,949,274.04 ",0.02,"3,949,274.04","26,436.00"
LSTR,LANDSTAR SYSTEM INC,Industrials,Equity,"$3,933,822.58 ",0.02,"3,933,822.58","29,213.00"
BRKR,BRUKER CORP,Health Care,Equity,"$3,929,350.83 ",0.02,"3,929,350.83","72,591.00"
NVST,ENVISTA HOLDINGS CORP,Health Care,Equity,"$3,911,297.07 ",0.02,"3,911,297.07","115,959.00"
APA,APACHE CORP,Energy,Equity,"$3,899,184.96 ",0.02,"3,899,184.96","274,784.00"
PSTG,PURE STORAGE INC CLASS A,Information Technology,Equity,"$3,837,346.59 ",0.01,"3,837,346.59","169,719.00"
RBC,REGAL BELOIT CORP,Industrials,Equity,"$3,825,285.88 ",0.01,"3,825,285.88","31,148.00"
HUN,HUNTSMAN CORP,Materials,Equity,"$3,825,805.20 ",0.01,"3,825,805.20","152,180.00"
KNX,KNIGHT-SWIFT TRANSPORTATION HOLDIN,Industrials,Equity,"$3,814,360.38 ",0.01,"3,814,360.38","91,209.00"
MAN,MANPOWER INC,Industrials,Equity,"$3,801,808.44 ",0.01,"3,801,808.44","42,158.00"
JEF,JEFFERIES FINANCIAL GROUP INC,Financials,Equity,"$3,787,539.00 ",0.01,"3,787,539.00","153,965.00"
GMED,GLOBUS MEDICAL INC CLASS A,Health Care,Equity,"$3,773,563.98 ",0.01,"3,773,563.98","57,859.00"
CUZ,COUSINS PROPERTIES REIT INC,Real Estate,Equity,"$3,772,368.00 ",0.01,"3,772,368.00","112,608.00"
TKR,TIMKEN,Industrials,Equity,"$3,758,303.52 ",0.01,"3,758,303.52","48,582.00"
FEYE,FIREEYE INC,Information Technology,Equity,"$3,729,562.98 ",0.01,"3,729,562.98","161,733.00"
WH,WYNDHAM HOTELS RESORTS INC,Consumer Discretionary,Equity,"$3,727,304.08 ",0.01,"3,727,304.08","62,707.00"
CFR,CULLEN FROST BANKERS INC,Financials,Equity,"$3,726,116.68 ",0.01,"3,726,116.68","42,716.00"
SYNH,SYNEOS HEALTH INC CLASS A,Health Care,Equity,"$3,717,785.97 ",0.01,"3,717,785.97","54,569.00"
RL,RALPH LAUREN CORP CLASS A,Consumer Discretionary,Equity,"$3,718,767.78 ",0.01,"3,718,767.78","35,847.00"
IDA,IDACORP INC,Utilities,Equity,"$3,712,135.68 ",0.01,"3,712,135.68","38,656.00"
BRX,BRIXMOR PROPERTY GROUP REIT INC,Real Estate,Equity,"$3,709,649.40 ",0.01,"3,709,649.40","224,148.00"
STWD,STARWOOD PROPERTY TRUST REIT INC,Financials,Equity,"$3,706,642.20 ",0.01,"3,706,642.20","192,054.00"
MDU,MDU RESOURCES GROUP INC,Utilities,Equity,"$3,679,724.34 ",0.01,"3,679,724.34","139,701.00"
PEGA,PEGASYSTEMS INC,Information Technology,Equity,"$3,679,841.64 ",0.01,"3,679,841.64","27,614.00"
CW,CURTISS WRIGHT CORP,Industrials,Equity,"$3,677,009.05 ",0.01,"3,677,009.05","31,603.00"
HBI,HANESBRANDS INC,Consumer Discretionary,Equity,"$3,666,461.76 ",0.01,"3,666,461.76","251,472.00"
TOL,TOLL BROTHERS INC,Consumer Discretionary,Equity,"$3,660,739.11 ",0.01,"3,660,739.11","84,213.00"
MORN,MORNINGSTAR INC,Financials,Equity,"$3,656,490.30 ",0.01,"3,656,490.30","15,790.00"
COR,CORESITE REALTY REIT CORP,Real Estate,Equity,"$3,652,788.96 ",0.01,"3,652,788.96","29,157.00"
PRI,PRIMERICA INC,Financials,Equity,"$3,627,092.26 ",0.01,"3,627,092.26","27,082.00"
FLS,FLOWSERVE CORP,Industrials,Equity,"$3,622,907.75 ",0.01,"3,622,907.75","98,315.00"
UNM,UNUM,Financials,Equity,"$3,620,138.46 ",0.01,"3,620,138.46","157,809.00"
KMPR,KEMPER CORP,Financials,Equity,"$3,611,470.98 ",0.01,"3,611,470.98","47,006.00"
MRO,MARATHON OIL CORP,Energy,Equity,"$3,594,002.77 ",0.01,"3,594,002.77","538,831.00"
PNFP,PINNACLE FINANCIAL PARTNERS INC,Financials,Equity,"$3,593,777.60 ",0.01,"3,593,777.60","55,804.00"
FOX,FOX CORP CLASS B,Communication,Equity,"$3,565,582.56 ",0.01,"3,565,582.56","123,462.00"
SNV,SYNOVUS FINANCIAL CORP,Financials,Equity,"$3,557,592.48 ",0.01,"3,557,592.48","109,904.00"
AL,AIR LEASE CORP CLASS A,Industrials,Equity,"$3,557,020.34 ",0.01,"3,557,020.34","80,077.00"
BPOP,POPULAR INC,Financials,Equity,"$3,544,386.56 ",0.01,"3,544,386.56","62,933.00"
IART,INTEGRA LIFESCIENCES HOLDINGS CORP,Health Care,Equity,"$3,540,477.12 ",0.01,"3,540,477.12","54,536.00"
DISCA,DISCOVERY INC SERIES A,Communication,Equity,"$3,538,824.72 ",0.01,"3,538,824.72","117,608.00"
DEI,DOUGLAS EMMETT REIT INC,Real Estate,Equity,"$3,535,332.08 ",0.01,"3,535,332.08","121,156.00"
TPX,TEMPUR SEALY INTERNATIONAL INC,Consumer Discretionary,Equity,"$3,504,438.00 ",0.01,"3,504,438.00","129,794.00"
OLLI,OLLIES BARGAIN OUTLET HOLDINGS INC,Consumer Discretionary,Equity,"$3,502,045.56 ",0.01,"3,502,045.56","42,828.00"
MRCY,MERCURY SYSTEMS INC,Industrials,Equity,"$3,498,183.50 ",0.01,"3,498,183.50","39,725.00"
THO,THOR INDUSTRIES INC,Consumer Discretionary,Equity,"$3,478,104.97 ",0.01,"3,478,104.97","37,403.00"
ADPT,ADAPTIVE BIOTECHNOLOGIES CORP,Health Care,Equity,"$3,424,750.47 ",0.01,"3,424,750.47","57,919.00"
ALSN,ALLISON TRANSMISSION HOLDINGS INC,Industrials,Equity,"$3,405,199.76 ",0.01,"3,405,199.76","78,952.00"
LOPE,GRAND CANYON EDUCATION INC,Consumer Discretionary,Equity,"$3,395,163.04 ",0.01,"3,395,163.04","36,464.00"
SLM,SLM CORP,Financials,Equity,"$3,371,839.38 ",0.01,"3,371,839.38","272,142.00"
ATH,ATHENE HOLDING LTD CLASS A,Financials,Equity,"$3,365,825.94 ",0.01,"3,365,825.94","78,021.00"
SKX,SKECHERS USA INC CLASS A,Consumer Discretionary,Equity,"$3,360,605.64 ",0.01,"3,360,605.64","93,506.00"
ARES,ARES MANAGEMENT CORP CLASS A,Financials,Equity,"$3,356,217.65 ",0.01,"3,356,217.65","71,333.00"
ACHC,ACADIA HEALTHCARE COMPANY INC,Health Care,Equity,"$3,355,659.16 ",0.01,"3,355,659.16","66,766.00"
SRC,SPIRIT REALTY CAPITAL REIT INC,Real Estate,Equity,"$3,331,619.46 ",0.01,"3,331,619.46","82,938.00"
LAZ,LAZARD LTD CLASS A,Financials,Equity,"$3,324,060.90 ",0.01,"3,324,060.90","78,583.00"
NYCB,NEW YORK COMMUNITY BANCORP INC,Financials,Equity,"$3,303,700.85 ",0.01,"3,303,700.85","313,147.00"
U,UNITY SOFTWARE INC,Information Technology,Equity,"$3,299,144.59 ",0.01,"3,299,144.59","21,497.00"
ICUI,ICU MEDICAL INC,Health Care,Equity,"$3,289,847.62 ",0.01,"3,289,847.62","15,338.00"
FTDR,FRONTDOOR INC,Consumer Discretionary,Equity,"$3,276,353.13 ",0.01,"3,276,353.13","65,253.00"
GPK,GRAPHIC PACKAGING HOLDING,Materials,Equity,"$3,274,502.00 ",0.01,"3,274,502.00","193,300.00"
EXP,EAGLE MATERIALS INC,Materials,Equity,"$3,262,051.10 ",0.01,"3,262,051.10","32,186.00"
CRUS,CIRRUS LOGIC INC,Information Technology,Equity,"$3,235,556.40 ",0.01,"3,235,556.40","39,362.00"
NCR,NCR CORP,Information Technology,Equity,"$3,234,626.72 ",0.01,"3,234,626.72","86,096.00"
AXS,AXIS CAPITAL HOLDINGS LTD,Financials,Equity,"$3,229,192.76 ",0.01,"3,229,192.76","64,084.00"
NXST,NEXSTAR MEDIA GROUP INC CLASS A,Communication,Equity,"$3,218,266.06 ",0.01,"3,218,266.06","29,474.00"
UHAL,AMERCO,Industrials,Equity,"$3,189,976.92 ",0.01,"3,189,976.92","7,027.00"
AMG,AFFILIATED MANAGERS GROUP INC,Financials,Equity,"$3,168,768.60 ",0.01,"3,168,768.60","31,158.00"
CRI,CARTERS INC,Consumer Discretionary,Equity,"$3,151,533.14 ",0.01,"3,151,533.14","33,502.00"
AYI,ACUITY BRANDS INC,Industrials,Equity,"$3,147,613.46 ",0.01,"3,147,613.46","25,994.00"
HLF,HERBALIFE NUTRITION LTD,Consumer Staples,Equity,"$3,147,851.60 ",0.01,"3,147,851.60","65,512.00"
NRZ,NEW RESIDENTIAL INVESTMENT REIT CO,Financials,Equity,"$3,147,004.00 ",0.01,"3,147,004.00","316,600.00"
SLG,SL GREEN REALTY REIT CORP,Real Estate,Equity,"$3,144,691.98 ",0.01,"3,144,691.98","52,781.00"
VNT,VONTIER CORP,Information Technology,Equity,"$3,138,130.40 ",0.01,"3,138,130.40","93,956.00"
CHNG,CHANGE HEALTHCARE INC,Health Care,Equity,"$3,138,142.25 ",0.01,"3,138,142.25","168,265.00"
VVV,VALVOLINE INC,Materials,Equity,"$3,110,756.48 ",0.01,"3,110,756.48","134,432.00"
PE,PARSLEY ENERGY INC CLASS A,Energy,Equity,"$3,100,626.80 ",0.01,"3,100,626.80","218,354.00"
PINC,PREMIER INC CLASS A,Health Care,Equity,"$3,095,153.10 ",0.01,"3,095,153.10","88,181.00"
WEN,WENDYS,Consumer Discretionary,Equity,"$3,094,775.20 ",0.01,"3,094,775.20","141,185.00"
JBLU,JETBLUE AIRWAYS CORP,Industrials,Equity,"$3,079,920.96 ",0.01,"3,079,920.96","211,824.00"
CC,CHEMOURS,Materials,Equity,"$3,071,902.43 ",0.01,"3,071,902.43","123,917.00"
FL,FOOT LOCKER INC,Consumer Discretionary,Equity,"$3,053,543.52 ",0.01,"3,053,543.52","75,508.00"
SPR,SPIRIT AEROSYSTEMS INC CLASS A,Industrials,Equity,"$3,048,277.29 ",0.01,"3,048,277.29","77,981.00"
MTG,MGIC INVESTMENT CORP,Financials,Equity,"$3,043,525.60 ",0.01,"3,043,525.60","242,512.00"
SAGE,SAGE THERAPEUTICS INC,Health Care,Equity,"$3,033,905.70 ",0.01,"3,033,905.70","35,070.00"
QRTEA,QURATE RETAIL INC SERIES A,Consumer Discretionary,Equity,"$3,029,102.22 ",0.01,"3,029,102.22","276,126.00"
THG,HANOVER INSURANCE GROUP INC,Financials,Equity,"$3,028,578.76 ",0.01,"3,028,578.76","25,903.00"
IBKR,INTERACTIVE BROKERS GROUP INC CLAS,Financials,Equity,"$3,021,083.72 ",0.01,"3,021,083.72","49,591.00"
EVR,EVERCORE INC CLASS A,Financials,Equity,"$3,018,169.92 ",0.01,"3,018,169.92","27,528.00"
PK,PARK HOTELS RESORTS INC,Real Estate,Equity,"$3,014,472.65 ",0.01,"3,014,472.65","175,771.00"
ASH,ASHLAND GLOBAL,Materials,Equity,"$2,987,265.60 ",0.01,"2,987,265.60","37,718.00"
ESI,ELEMENT SOLUTIONS INC,Materials,Equity,"$2,980,554.84 ",0.01,"2,980,554.84","168,108.00"
CLH,CLEAN HARBORS INC,Industrials,Equity,"$2,980,684.80 ",0.01,"2,980,684.80","39,168.00"
CNXC,CONCENTRIX CORP,Information Technology,Equity,"$2,978,469.90 ",0.01,"2,978,469.90","30,177.00"
HFC,HOLLYFRONTIER CORP,Energy,Equity,"$2,973,964.95 ",0.01,"2,973,964.95","115,047.00"
FLO,FLOWERS FOODS INC,Consumer Staples,Equity,"$2,971,115.33 ",0.01,"2,971,115.33","131,291.00"
VRT,VERTIV HOLDINGS CLASS A,Industrials,Equity,"$2,970,172.96 ",0.01,"2,970,172.96","159,088.00"
JBGS,JBG SMITH PROPERTIES,Real Estate,Equity,"$2,954,639.76 ",0.01,"2,954,639.76","94,488.00"
CR,CRANE,Industrials,Equity,"$2,952,943.84 ",0.01,"2,952,943.84","38,024.00"
RYN,RAYONIER REIT INC,Real Estate,Equity,"$2,952,396.20 ",0.01,"2,952,396.20","100,490.00"
CG,CARLYLE GROUP INC,Financials,Equity,"$2,919,675.60 ",0.01,"2,919,675.60","92,865.00"
XEC,CIMAREX ENERGY,Energy,Equity,"$2,906,987.49 ",0.01,"2,906,987.49","77,499.00"
WBS,WEBSTER FINANCIAL CORP,Financials,Equity,"$2,897,770.35 ",0.01,"2,897,770.35","68,749.00"
GPS,GAP INC,Consumer Discretionary,Equity,"$2,855,592.84 ",0.01,"2,855,592.84","141,436.00"
HIW,HIGHWOODS PROPERTIES REIT INC,Real Estate,Equity,"$2,816,028.54 ",0.01,"2,816,028.54","71,058.00"
COHR,COHERENT INC,Information Technology,Equity,"$2,802,973.68 ",0.01,"2,802,973.68","18,684.00"
HXL,HEXCEL CORP,Industrials,Equity,"$2,799,618.64 ",0.01,"2,799,618.64","57,736.00"
LSXMA,LIBERTY MEDIA LIBERTY SIRIUSXM COR,Communication,Equity,"$2,785,107.15 ",0.01,"2,785,107.15","64,485.00"
NVT,NVENT ELECTRIC PLC,Industrials,Equity,"$2,784,459.24 ",0.01,"2,784,459.24","119,556.00"
SABR,SABRE CORP,Information Technology,Equity,"$2,768,097.82 ",0.01,"2,768,097.82","230,291.00"
XRX,XEROX HOLDINGS CORP,Information Technology,Equity,"$2,766,172.77 ",0.01,"2,766,172.77","119,283.00"
CFX,COLFAX CORP,Industrials,Equity,"$2,749,494.24 ",0.01,"2,749,494.24","71,901.00"
AN,AUTONATION INC,Consumer Discretionary,Equity,"$2,710,992.55 ",0.01,"2,710,992.55","38,845.00"
FCN,FTI CONSULTING INC,Industrials,Equity,"$2,704,406.04 ",0.01,"2,704,406.04","24,207.00"
AWI,ARMSTRONG WORLD INDUSTRIES INC,Industrials,Equity,"$2,692,992.39 ",0.01,"2,692,992.39","36,201.00"
AVT,AVNET INC,Information Technology,Equity,"$2,677,629.04 ",0.01,"2,677,629.04","76,264.00"
WTFC,WINTRUST FINANCIAL CORP,Financials,Equity,"$2,668,105.75 ",0.01,"2,668,105.75","43,675.00"
LBRDA,LIBERTY BROADBAND CORP SERIES A,Communication,Equity,"$2,644,980.30 ",0.01,"2,644,980.30","16,785.00"
CACC,CREDIT ACCEPTANCE CORP,Financials,Equity,"$2,632,048.56 ",0.01,"2,632,048.56","7,604.00"
UBFUT,CASH COLLATERAL USD UBFUT,Cash and/or Derivatives,Cash Collateral and Margins,"$2,631,000.00 ",0.01,"2,631,000.00","2,631,000.00"
MSM,MSC INDUSTRIAL INC CLASS A,Industrials,Equity,"$2,605,456.86 ",0.01,"2,605,456.86","30,874.00"
HE,HAWAIIAN ELECTRIC INDUSTRIES INC,Utilities,Equity,"$2,601,235.78 ",0.01,"2,601,235.78","73,502.00"
UAA,UNDER ARMOUR INC CLASS A,Consumer Discretionary,Equity,"$2,593,751.71 ",0.01,"2,593,751.71","151,063.00"
WYND,WYNDHAM DESTINATIONS INC,Consumer Discretionary,Equity,"$2,585,057.50 ",0.01,"2,585,057.50","57,625.00"
NEWR,NEW RELIC INC,Information Technology,Equity,"$2,575,909.80 ",0.01,"2,575,909.80","39,387.00"
OZK,BANK OZK,Financials,Equity,"$2,546,034.67 ",0.01,"2,546,034.67","81,421.00"
DKS,DICKS SPORTING INC,Consumer Discretionary,Equity,"$2,538,331.18 ",0.01,"2,538,331.18","45,158.00"
EQT,EQT CORP,Energy,Equity,"$2,533,979.99 ",0.01,"2,533,979.99","199,369.00"
STL,STERLING BANCORP,Financials,Equity,"$2,520,436.40 ",0.01,"2,520,436.40","140,180.00"
ADS,ALLIANCE DATA SYSTEMS CORP,Information Technology,Equity,"$2,519,992.80 ",0.01,"2,519,992.80","34,008.00"
OMF,ONEMAIN HOLDINGS INC,Financials,Equity,"$2,515,011.52 ",0.01,"2,515,011.52","52,222.00"
HAIN,HAIN CELESTIAL GROUP INC,Consumer Staples,Equity,"$2,513,711.20 ",0.01,"2,513,711.20","62,608.00"
CHH,CHOICE HOTELS INTERNATIONAL INC,Consumer Discretionary,Equity,"$2,503,565.61 ",0.01,"2,503,565.61","23,457.00"
VMI,VALMONT INDS INC,Industrials,Equity,"$2,491,702.92 ",0.01,"2,491,702.92","14,244.00"
FCNCA,FIRST CITIZENS BANCSHARES INC CLAS,Financials,Equity,"$2,491,757.53 ",0.01,"2,491,757.53","4,339.00"
R,RYDER SYSTEM INC,Industrials,Equity,"$2,483,863.68 ",0.01,"2,483,863.68","40,218.00"
WPX,WPX ENERGY INC,Energy,Equity,"$2,484,723.10 ",0.01,"2,484,723.10","304,874.00"
JWN,NORDSTROM INC,Consumer Discretionary,Equity,"$2,476,763.18 ",0.01,"2,476,763.18","79,358.00"
SNX,SYNNEX CORP,Information Technology,Equity,"$2,457,614.88 ",0.01,"2,457,614.88","30,177.00"
HPP,HUDSON PACIFIC PROPERTIES REIT INC,Real Estate,Equity,"$2,456,717.56 ",0.01,"2,456,717.56","102,278.00"
NFG,NATIONAL FUEL GAS,Utilities,Equity,"$2,446,905.96 ",0.01,"2,446,905.96","59,492.00"
HHC,HOWARD HUGHES CORP,Real Estate,Equity,"$2,435,700.87 ",0.01,"2,435,700.87","30,859.00"
SPB,SPECTRUM BRANDS HOLDINGS INC,Consumer Staples,Equity,"$2,428,398.06 ",0.01,"2,428,398.06","30,747.00"
GRA,WR GRACE,Materials,Equity,"$2,426,223.56 ",0.01,"2,426,223.56","44,258.00"
BFA,BROWN FORMAN CORP CLASS A,Consumer Staples,Equity,"$2,420,836.50 ",0.01,"2,420,836.50","32,950.00"
ALKS,ALKERMES,Health Care,Equity,"$2,410,558.50 ",0.01,"2,410,558.50","120,830.00"
RETA,REATA PHARMACEUTICALS INC CLASS A,Health Care,Equity,"$2,405,768.82 ",0.01,"2,405,768.82","19,461.00"
WTM,WHITE MOUNTAINS INSURANCE GROUP LT,Financials,Equity,"$2,383,572.12 ",0.01,"2,383,572.12","2,382.00"
KEX,KIRBY CORP,Industrials,Equity,"$2,380,396.41 ",0.01,"2,380,396.41","45,927.00"
ETRN,EQUITRANS MIDSTREAM CORP,Energy,Equity,"$2,379,446.04 ",0.01,"2,379,446.04","295,951.00"
FNB,FNB CORP,Financials,Equity,"$2,376,558.00 ",0.01,"2,376,558.00","250,164.00"
TREE,LENDINGTREE INC,Financials,Equity,"$2,372,116.56 ",0.01,"2,372,116.56","8,664.00"
OLN,OLIN CORP,Materials,Equity,"$2,361,984.32 ",0.01,"2,361,984.32","96,172.00"
BOH,BANK OF HAWAII CORP.,Financials,Equity,"$2,337,599.58 ",0.01,"2,337,599.58","30,509.00"
MSGS,MADISON SQUARE GARDEN SPORTS CORP,Communication,Equity,"$2,321,316.90 ",0.01,"2,321,316.90","12,609.00"
PD,PAGERDUTY INC,Information Technology,Equity,"$2,308,136.70 ",0.01,"2,308,136.70","55,351.00"
PACW,PACWEST BANCORP,Financials,Equity,"$2,308,783.80 ",0.01,"2,308,783.80","90,897.00"
UA,UNDER ARMOUR INC CLASS C,Consumer Discretionary,Equity,"$2,294,421.60 ",0.01,"2,294,421.60","154,195.00"
NKTR,NEKTAR THERAPEUTICS,Health Care,Equity,"$2,294,116.00 ",0.01,"2,294,116.00","134,948.00"
BLUE,BLUEBIRD BIO INC,Health Care,Equity,"$2,294,218.67 ",0.01,"2,294,218.67","53,021.00"
UMPQ,UMPQUA HOLDINGS CORP,Financials,Equity,"$2,287,638.86 ",0.01,"2,287,638.86","151,099.00"
OUT,OUTFRONT MEDIA INC,Real Estate,Equity,"$2,266,436.76 ",0.01,"2,266,436.76","115,871.00"
TWOU,2U INC,Information Technology,Equity,"$2,247,721.79 ",0.01,"2,247,721.79","56,179.00"
HRB,H&R BLOCK INC,Consumer Discretionary,Equity,"$2,240,906.98 ",0.01,"2,240,906.98","141,293.00"
GO,GROCERY OUTLET HOLDING CORP,Consumer Staples,Equity,"$2,236,739.75 ",0.01,"2,236,739.75","56,987.00"
WLK,WESTLAKE CHEMICAL CORP,Materials,Equity,"$2,230,617.60 ",0.01,"2,230,617.60","27,336.00"
MDLA,MEDALLIA INC,Information Technology,Equity,"$2,224,544.08 ",0.01,"2,224,544.08","66,964.00"
BHF,BRIGHTHOUSE FINANCIAL INC,Financials,Equity,"$2,198,657.24 ",0.01,"2,198,657.24","60,728.00"
MIC,MACQUARIE INFRASTRUCTURE CORP,Industrials,Equity,"$2,189,916.00 ",0.01,"2,189,916.00","58,320.00"
NEU,NEWMARKET CORP,Materials,Equity,"$2,151,562.58 ",0.01,"2,151,562.58","5,402.00"
AGIO,AGIOS PHARMACEUTICALS INC,Health Care,Equity,"$2,138,985.45 ",0.01,"2,138,985.45","49,365.00"
EQC,EQUITY COMMONWEALTH REIT,Real Estate,Equity,"$2,138,124.56 ",0.01,"2,138,124.56","78,377.00"
OFC,CORPORATE OFFICE PROPERTIES TRUST,Real Estate,Equity,"$2,134,178.56 ",0.01,"2,134,178.56","81,832.00"
SLGN,SILGAN HOLDINGS INC,Materials,Equity,"$2,116,526.40 ",0.01,"2,116,526.40","57,080.00"
UNVR,UNIVAR SOLUTIONS INC,Industrials,Equity,"$2,105,452.55 ",0.01,"2,105,452.55","110,755.00"
GBT,GLOBAL BLOOD THERAPEUTICS INC,Health Care,Equity,"$2,103,436.77 ",0.01,"2,103,436.77","48,567.00"
TRIP,TRIPADVISOR INC,Communication,Equity,"$2,097,745.42 ",0.01,"2,097,745.42","72,889.00"
APLE,APPLE HOSPITALITY REIT INC,Real Estate,Equity,"$2,087,082.24 ",0.01,"2,087,082.24","161,664.00"
H,HYATT HOTELS CORP CLASS A,Consumer Discretionary,Equity,"$2,080,039.50 ",0.01,"2,080,039.50","28,014.00"
ENR,ENERGIZER HOLDINGS INC,Consumer Staples,Equity,"$2,078,377.32 ",0.01,"2,078,377.32","49,274.00"
STAY,EXTENDED STAY AMERICA UNITS INC,Consumer Discretionary,Equity,"$2,069,608.64 ",0.01,"2,069,608.64","139,744.00"
WRI,WEINGARTEN REALTY INVESTORS REIT,Real Estate,Equity,"$2,033,946.20 ",0.01,"2,033,946.20","93,860.00"
SIX,SIX FLAGS ENTERTAINMENT CORP,Consumer Discretionary,Equity,"$2,034,371.90 ",0.01,"2,034,371.90","59,659.00"
FHB,FIRST HAWAIIAN INC,Financials,Equity,"$1,988,855.10 ",0.01,"1,988,855.10","84,345.00"
COLM,COLUMBIA SPORTSWEAR,Consumer Discretionary,Equity,"$1,986,584.30 ",0.01,"1,986,584.30","22,735.00"
AZEK,AZEK COMPANY INC CLASS A,Industrials,Equity,"$1,980,444.15 ",0.01,"1,980,444.15","51,507.00"
CBT,CABOT CORP,Materials,Equity,"$1,960,134.00 ",0.01,"1,960,134.00","43,675.00"
TDC,TERADATA CORP,Information Technology,Equity,"$1,959,518.82 ",0.01,"1,959,518.82","87,206.00"
CPA,COPA HOLDINGS A SA,Industrials,Equity,"$1,932,912.44 ",0.01,"1,932,912.44","25,028.00"
EPR,EPR PROPERTIES REIT,Real Estate,Equity,"$1,915,387.50 ",0.01,"1,915,387.50","58,935.00"
ASB,ASSOCIATED BANCORP,Financials,Equity,"$1,898,193.55 ",0.01,"1,898,193.55","111,331.00"
AGR,AVANGRID INC,Utilities,Equity,"$1,883,220.75 ",0.01,"1,883,220.75","41,435.00"
NUS,NU SKIN ENTERPRISES INC CLASS A,Consumer Staples,Equity,"$1,866,106.17 ",0.01,"1,866,106.17","34,159.00"
HP,HELMERICH & PAYNE INC,Energy,Equity,"$1,852,730.52 ",0.01,"1,852,730.52","79,997.00"
UI,UBIQUITI INC,Information Technology,Equity,"$1,850,141.93 ",0.01,"1,850,141.93","6,643.00"
COMM,COMMSCOPE HOLDING INC,Information Technology,Equity,"$1,732,352.00 ",0.01,"1,732,352.00","129,280.00"
BOKF,BOK FINANCIAL CORP,Financials,Equity,"$1,733,571.20 ",0.01,"1,733,571.20","25,315.00"
AM,ANTERO MIDSTREAM CORP,Energy,Equity,"$1,726,916.64 ",0.01,"1,726,916.64","223,984.00"
ARRY,ARRAY TECHNOLOGIES INC,Industrials,Equity,"$1,714,987.56 ",0.01,"1,714,987.56","39,754.00"
NWS,NEWS CORP CLASS B,Communication,Equity,"$1,683,263.25 ",0.01,"1,683,263.25","94,725.00"
BDN,BRANDYWINE REALTY TRUST REIT,Real Estate,Equity,"$1,647,724.68 ",0.01,"1,647,724.68","138,348.00"
RKT,ROCKET COMPANIES INC CLASS A,Financials,Equity,"$1,636,343.94 ",0.01,"1,636,343.94","80,927.00"
JWA,JOHN WILEY AND SONS INC CLASS A,Communication,Equity,"$1,603,990.14 ",0.01,"1,603,990.14","35,129.00"
AGO,ASSURED GUARANTY LTD,Financials,Equity,"$1,581,427.80 ",0.01,"1,581,427.80","50,220.00"
THS,TREEHOUSE FOODS INC,Consumer Staples,Equity,"$1,561,167.58 ",0.01,"1,561,167.58","36,742.00"
DNB,DUN BRADST HLDG INC,Industrials,Equity,"$1,558,042.80 ",0.01,"1,558,042.80","62,572.00"
SFM,SPROUTS FARMERS MARKET INC,Consumer Staples,Equity,"$1,545,388.50 ",0.01,"1,545,388.50","76,885.00"
TRN,TRINITY INDUSTRIES INC,Industrials,Equity,"$1,477,285.81 ",0.01,"1,477,285.81","55,979.00"
COTY,COTY INC CLASS A,Consumer Staples,Equity,"$1,471,272.66 ",0.01,"1,471,272.66","209,583.00"
WWE,WORLD WRESTLING ENTERTAINMENT INC,Communication,Equity,"$1,440,490.95 ",0.01,"1,440,490.95","29,979.00"
PAG,PENSKE AUTOMOTIVE GROUP VOTING INC,Consumer Discretionary,Equity,"$1,373,928.26 ",0.01,"1,373,928.26","23,134.00"
PS,PLURALSIGHT INC CLASS A,Information Technology,Equity,"$1,360,974.72 ",0.01,"1,360,974.72","64,932.00"
TDS,TELEPHONE AND DATA SYSTEMS INC,Communication,Equity,"$1,354,495.80 ",0.01,"1,354,495.80","72,940.00"
GHC,GRAHAM HOLDINGS COMPANY CLASS B,Consumer Discretionary,Equity,"$1,343,050.84 ",0.01,"1,343,050.84","2,518.00"
MUR,MURPHY OIL CORP,Energy,Equity,"$1,275,920.80 ",0,"1,275,920.80","105,448.00"
SPCE,VIRGIN GALACTIC HOLDINGS INC SHS C,Industrials,Equity,"$1,273,707.75 ",0,"1,273,707.75","53,675.00"
REYN,REYNOLDS CONSUMER PRODUCTS INC,Consumer Staples,Equity,"$1,256,423.00 ",0,"1,256,423.00","41,825.00"
MCY,MERCURY GENERAL CORP,Financials,Equity,"$1,256,015.97 ",0,"1,256,015.97","24,057.00"
PGRE,PARAMOUNT GROUP REIT INC,Real Estate,Equity,"$1,246,299.60 ",0,"1,246,299.60","137,865.00"
VSAT,VIASAT INC,Information Technology,Equity,"$1,189,015.05 ",0,"1,189,015.05","36,417.00"
MSGE,MADISON SQUARE GARDEN ENTERTAINMEN,Communication,Equity,"$1,180,019.36 ",0,"1,180,019.36","11,234.00"
VIRT,VIRTU FINANCIAL INC CLASS A,Financials,Equity,"$1,157,971.02 ",0,"1,157,971.02","46,006.00"
LGFB,LIONS GATE ENTERTAINMENT NON VOTIN,Communication,Equity,"$1,143,616.50 ",0,"1,143,616.50","110,175.00"
LMND,LEMONADE INC,Financials,Equity,"$1,133,370.00 ",0,"1,133,370.00","9,252.00"
ESRT,EMPIRE STATE REALTY REIT INC TRUST,Real Estate,Equity,"$1,055,499.32 ",0,"1,055,499.32","113,251.00"
OSH,OAK STREET HEALTH,Health Care,Equity,"$1,021,555.48 ",0,"1,021,555.48","16,703.00"
NCNO,NCINO INC,Information Technology,Equity,"$1,007,078.28 ",0,"1,007,078.28","13,908.00"
VRM,VROOM INC,Consumer Discretionary,Equity,"$996,513.31 ",0,"996,513.31","24,323.00"
DCT,DUCK CREEK TECH INC,Information Technology,Equity,"$968,967.40 ",0,"968,967.40","22,378.00"
SATS,ECHOSTAR CORP CLASS A,Information Technology,Equity,"$970,078.20 ",0,"970,078.20","45,780.00"
LENB,LENNAR CORP CLASS B,Consumer Discretionary,Equity,"$956,678.40 ",0,"956,678.40","15,632.00"
CNA,CNA FINANCIAL CORP,Financials,Equity,"$954,675.84 ",0,"954,675.84","24,504.00"
SC,SANTANDER CONSUMER USA HOLDINGS IN,Financials,Equity,"$950,251.08 ",0,"950,251.08","43,154.00"
LESL,LESLIES INC,Consumer Discretionary,Equity,"$928,820.25 ",0,"928,820.25","33,471.00"
SNDR,SCHNEIDER NATIONAL INC CLASS B,Industrials,Equity,"$893,536.20 ",0,"893,536.20","43,166.00"
PPC,PILGRIMS PRIDE CORP,Consumer Staples,Equity,"$889,568.43 ",0,"889,568.43","45,363.00"
ADT,ADT INC,Industrials,Equity,"$882,583.35 ",0,"882,583.35","112,431.00"
AIV,APARTMENT INVESTMENT AND MANAGEMEN,Real Estate,Equity,"$853,533.12 ",0,"853,533.12","161,654.00"
FWONA,LIBERTY MEDIA FORMULA ONE CORP SER,Communication,Equity,"$836,995.68 ",0,"836,995.68","22,032.00"
AMWL,AMERICAN WELL CORP CLASS A,Health Care,Equity,"$830,241.41 ",0,"830,241.41","32,777.00"
BLI,BERKELEY LIGHTS INC,Health Care,Equity,"$820,336.75 ",0,"820,336.75","9,175.00"
SWCH,SWITCH INC CLASS A,Information Technology,Equity,"$788,068.17 ",0,"788,068.17","48,141.00"
ANAT,AMERICAN NATIONAL GROUP INC,Financials,Equity,"$778,860.36 ",0,"778,860.36","8,103.00"
TFSL,TFS FINANCIAL CORP,Financials,Equity,"$770,096.03 ",0,"770,096.03","43,681.00"
EAF,GRAFTECH INTERNATIONAL LTD,Industrials,Equity,"$754,301.60 ",0,"754,301.60","70,760.00"
LGFA,LIONS GATE ENTERTAINMENT VOTING CO,Communication,Equity,"$735,070.50 ",0,"735,070.50","64,650.00"
CLR,CONTINENTAL RESOURCES INC,Energy,Equity,"$735,928.70 ",0,"735,928.70","45,149.00"
JAMF,JAMF HOLDING CORP,Information Technology,Equity,"$676,012.48 ",0,"676,012.48","22,594.00"
SWI,SOLARWINDS CORP,Information Technology,Equity,"$638,798.55 ",0,"638,798.55","42,729.00"
BPYU,BROOKFIELD PROPERTY REIT INC CLASS,Real Estate,Equity,"$634,203.00 ",0,"634,203.00","42,450.00"
FROG,JFROG LTD,Information Technology,Equity,"$608,194.40 ",0,"608,194.40","9,680.00"
ACI,ALBERTSONS COMPANY INC CLASS A,Consumer Staples,Equity,"$588,859.68 ",0,"588,859.68","33,496.00"
USM,UNITED STATES CELLULAR CORP,Communication,Equity,"$573,381.27 ",0,"573,381.27","18,683.00"
ALGM,ALLEGRO MICROSYSTEMS INC,Information Technology,Equity,"$557,620.56 ",0,"557,620.56","20,916.00"
VIACA,VIACOMCBS INC CLASS A,Communication,Equity,"$558,298.84 ",0,"558,298.84","14,762.00"
MSP,DATTO HOLDING CORP,Information Technology,Equity,"$466,857.00 ",0,"466,857.00","17,291.00"
MCFE,MCAFEE CORP CLASS A,Information Technology,Equity,"$449,378.25 ",0,"449,378.25","26,925.00"
GOCO,GOHEALTH INC CLASS A,Financials,Equity,"$413,611.14 ",0,"413,611.14","30,279.00"
GTES,GATES INDUSTRIAL PLC,Industrials,Equity,"$414,176.84 ",0,"414,176.84","32,459.00"
BIGC,BIGCOMMERCE HOLDINGS SERIES,Information Technology,Equity,"$382,462.30 ",0,"382,462.30","5,962.00"
SEB,SEABOARD CORP,Consumer Staples,Equity,"$378,875.00 ",0,"378,875.00",125
-,SL GREEN REALTY CORP CASH ACCRUAL,Real Estate,Equity,"$89,553.52 ",0,"89,553.52","52,781.00"
FAH1,S&P MID 400 EMINI MAR 21,Cash and/or Derivatives,Futures,$0.00 ,0,"2,764,200.00",12
ESH1,S&P500 EMINI MAR 21,Cash and/or Derivatives,Futures,$0.00 ,0,"43,673,520.00",233
